Cement (%),Slag (%),Fly ash (%),Coarse aggregate (%),Fine aggregate (%),W/CM,Superplasticizer dosage,Age (days),Compressive strength (MPa)
23.93617021,0,0,46.09929078,29.96453901,0.3,0.00462963,28,79.99
23.77807133,0,0,46.45530603,29.76662263,0.3,0.00462963,28,61.89
16.61669165,7.12143928,0,46.57671164,29.68515742,0.48,0,270,40.27
16.61669165,7.12143928,0,46.57671164,29.68515742,0.48,0,365,41.05
9.302543445,6.20169563,0,45.82884444,38.66691648,0.580060423,0,360,44.3
13.42078708,5.751765893,0,47.02320888,33.80423814,0.6,0,90,47.03
18.99050475,4.747626187,0,46.57671164,29.68515742,0.48,0,365,43.7
18.99050475,4.747626187,0,46.57671164,29.68515742,0.48,0,28,36.45
13.42078708,5.751765893,0,47.02320888,33.80423814,0.6,0,28,45.85
23.73813093,0,0,46.57671164,29.68515742,0.48,0,28,39.29
9.302543445,6.20169563,0,45.82884444,38.66691648,0.580060423,0,90,38.07
9.302543445,6.20169563,0,45.82884444,38.66691648,0.580060423,0,28,28.02
21.36431784,2.373813093,0,46.57671164,29.68515742,0.48,0,270,43.01
9.586276488,9.586276488,0,47.02320888,33.80423814,0.6,0,90,42.33
15.33804238,3.834510595,0,47.02320888,33.80423814,0.6,0,28,47.81
19.17255298,0,0,47.02320888,33.80423814,0.6,0,90,52.91
6.337101094,9.505651641,0,47.52825821,36.62898906,0.550143266,0,90,39.36
17.25529768,1.917255298,0,47.02320888,33.80423814,0.6,0,365,56.14
18.99050475,4.747626187,0,46.57671164,29.68515742,0.48,0,90,40.56
23.73813093,0,0,46.57671164,29.68515742,0.48,0,180,42.62
21.36431784,2.373813093,0,46.57671164,29.68515742,0.48,0,180,41.84
6.337101094,9.505651641,0,47.52825821,36.62898906,0.550143266,0,28,28.24
6.337101094,9.505651641,0,47.52825821,36.62898906,0.550143266,0,3,8.06
6.337101094,9.505651641,0,47.52825821,36.62898906,0.550143266,0,180,44.21
19.17255298,0,0,47.02320888,33.80423814,0.6,0,365,52.52
19.17255298,0,0,47.02320888,33.80423814,0.6,0,270,53.3
18.99050475,4.747626187,0,46.57671164,29.68515742,0.48,0,270,41.15
17.25529768,1.917255298,0,47.02320888,33.80423814,0.6,0,180,52.12
21.36431784,2.373813093,0,46.57671164,29.68515742,0.48,0,28,37.43
23.73813093,0,0,46.57671164,29.68515742,0.48,0,7,38.6
15.33804238,3.834510595,0,47.02320888,33.80423814,0.6,0,365,55.26
13.42078708,5.751765893,0,47.02320888,33.80423814,0.6,0,365,52.91
9.302543445,6.20169563,0,45.82884444,38.66691648,0.580060423,0,180,41.72
23.73813093,0,0,46.57671164,29.68515742,0.48,0,270,42.13
9.586276488,9.586276488,0,47.02320888,33.80423814,0.6,0,365,53.69
11.86906547,11.86906547,0,46.57671164,29.68515742,0.48,0,270,38.41
11.86906547,11.86906547,0,46.57671164,29.68515742,0.48,0,28,30.08
16.61669165,7.12143928,0,46.57671164,29.68515742,0.48,0,90,37.72
23.73813093,0,0,46.57671164,29.68515742,0.48,0,90,42.23
11.86906547,11.86906547,0,46.57671164,29.68515742,0.48,0,180,36.25
17.25529768,1.917255298,0,47.02320888,33.80423814,0.6,0,90,50.46
21.36431784,2.373813093,0,46.57671164,29.68515742,0.48,0,365,43.7
11.86906547,11.86906547,0,46.57671164,29.68515742,0.48,0,365,39
19.17255298,0,0,47.02320888,33.80423814,0.6,0,180,53.1
21.36431784,2.373813093,0,46.57671164,29.68515742,0.48,0,90,41.54
21.36431784,2.373813093,0,46.57671164,29.68515742,0.48,0,7,35.08
15.84275274,0,0,47.52825821,36.62898906,0.550143266,0,3,15.05
18.99050475,4.747626187,0,46.57671164,29.68515742,0.48,0,180,40.76
11.86906547,11.86906547,0,46.57671164,29.68515742,0.48,0,7,26.26
18.99050475,4.747626187,0,46.57671164,29.68515742,0.48,0,7,32.82
16.61669165,7.12143928,0,46.57671164,29.68515742,0.48,0,180,39.78
9.586276488,9.586276488,0,47.02320888,33.80423814,0.6,0,180,46.93
11.86906547,11.86906547,0,46.57671164,29.68515742,0.48,0,90,33.12
15.33804238,3.834510595,0,47.02320888,33.80423814,0.6,0,90,49.19
6.337101094,9.505651641,0,47.52825821,36.62898906,0.550143266,0,7,14.59
9.302543445,6.20169563,0,45.82884444,38.66691648,0.580060423,0,7,14.64
23.73813093,0,0,46.57671164,29.68515742,0.48,0,365,41.93
9.302543445,6.20169563,0,45.82884444,38.66691648,0.580060423,0,3,9.13
15.33804238,3.834510595,0,47.02320888,33.80423814,0.6,0,180,50.95
16.61669165,7.12143928,0,46.57671164,29.68515742,0.48,0,28,33.02
15.33804238,3.834510595,0,47.02320888,33.80423814,0.6,0,270,54.38
13.42078708,5.751765893,0,47.02320888,33.80423814,0.6,0,270,51.73
14.54306624,0,0,45.55263652,39.90429724,0.619354839,0,3,9.87
9.586276488,9.586276488,0,47.02320888,33.80423814,0.6,0,270,50.66
13.42078708,5.751765893,0,47.02320888,33.80423814,0.6,0,180,48.7
17.25529768,1.917255298,0,47.02320888,33.80423814,0.6,0,270,55.06
6.337101094,9.505651641,0,47.52825821,36.62898906,0.550143266,0,360,44.7
16.61669165,7.12143928,0,46.57671164,29.68515742,0.48,0,7,30.28
9.586276488,9.586276488,0,47.02320888,33.80423814,0.6,0,28,40.86
20.16632017,0,0,46.56964657,33.26403326,0.301030928,0,28,71.99
16.65182547,8.423864648,0,41.23330365,33.69100623,0.302024148,0.017933239,3,34.4
14.02291648,11.73574434,0,46.85793573,27.38340346,0.304952215,0.014943527,3,28.8
18.71834398,4.681788152,0,37.5291786,39.07068928,0.288913985,0.031055901,3,33.4
18.71422281,4.680757376,0,41.21532365,35.38969617,0.284961415,0.03500847,3,36.3
16.20920683,4.054462935,0,36.83164037,42.90468986,0.270051195,0.049914676,3,29
21.32531202,5.333572775,0,38.255365,35.0857502,0.304984843,0.014988212,3,37.8
20.58100755,5.14305775,0,37.39248727,36.88344743,0.235073354,0.054930058,3,40.2
18.71834398,4.681788152,0,37.5291786,39.07068928,0.288913985,0.031055901,3,33.4
17.1681025,4.289816656,0,37.64523967,40.89684118,0.325097797,0.024912497,3,28.1
23.33230864,0,0,37.42040314,39.24728822,0.266892528,0.053077357,3,41.3
18.71834398,4.681788152,0,37.5291786,39.07068928,0.288913985,0.031055901,3,33.4
14.08251612,9.386871632,0,37.64025091,38.89036134,0.293054771,0.026915114,3,25.2
17.50457437,4.12564259,0,41.24771282,37.12207023,0.296878147,0.022960725,3,41.1
16.1005284,8.392167311,0,41.94751565,33.55978864,0.298948513,0.021029732,3,35.3
14.65302612,12.80159341,0,42.67348694,29.87189353,0.303050289,0.016982688,3,28.3
16.71806167,6.660792952,0,49.969163,26.65198238,0.289994347,0.02996043,3,28.6
16.1005284,8.392167311,0,41.94751565,33.55978864,0.298948513,0.021029732,3,35.3
12.47222827,8.751905903,0,43.76388586,35.01197996,0.297003284,0.022988506,3,24.4
16.1005284,8.392167311,0,41.94751565,33.55978864,0.298948513,0.021029732,3,35.3
19.87504527,8.013400942,0,40.06247736,32.04907642,0.301948052,0.018019481,3,39.3
17.10537861,8.291655699,0,41.44511714,33.15784856,0.252029712,0.038003109,3,40.6
16.1005284,8.392167311,0,41.94751565,33.55978864,0.298948513,0.021029732,3,35.3
15.17015354,8.485229415,0,42.41267846,33.93193858,0.331941545,0.018029987,3,24.1
16.65182547,8.423864648,0,41.23330365,33.69100623,0.302024148,0.017933239,7,46.2
14.02291648,11.73574434,0,46.85793573,27.38340346,0.304952215,0.014943527,7,42.8
18.71834398,4.681788152,0,37.5291786,39.07068928,0.288913985,0.031055901,7,49.2
18.71422281,4.680757376,0,41.21532365,35.38969617,0.284961415,0.03500847,7,46.8
16.20920683,4.054462935,0,36.83164037,42.90468986,0.270051195,0.049914676,7,45.7
21.32531202,5.333572775,0,38.255365,35.0857502,0.304984843,0.014988212,7,55.6
20.58100755,5.14305775,0,37.39248727,36.88344743,0.235073354,0.054930058,7,54.9
18.71834398,4.681788152,0,37.5291786,39.07068928,0.288913985,0.031055901,7,49.2
17.1681025,4.289816656,0,37.64523967,40.89684118,0.325097797,0.024912497,7,34.9
23.33230864,0,0,37.42040314,39.24728822,0.266892528,0.053077357,7,46.9
18.71834398,4.681788152,0,37.5291786,39.07068928,0.288913985,0.031055901,7,49.2
14.08251612,9.386871632,0,37.64025091,38.89036134,0.293054771,0.026915114,7,33.4
17.50457437,4.12564259,0,41.24771282,37.12207023,0.296878147,0.022960725,7,54.1
16.1005284,8.392167311,0,41.94751565,33.55978864,0.298948513,0.021029732,7,55.9
14.65302612,12.80159341,0,42.67348694,29.87189353,0.303050289,0.016982688,7,49.8
16.71806167,6.660792952,0,49.969163,26.65198238,0.289994347,0.02996043,7,47.1
16.1005284,8.392167311,0,41.94751565,33.55978864,0.298948513,0.021029732,7,55.9
12.47222827,8.751905903,0,43.76388586,35.01197996,0.297003284,0.022988506,7,38
16.1005284,8.392167311,0,41.94751565,33.55978864,0.298948513,0.021029732,7,55.9
19.87504527,8.013400942,0,40.06247736,32.04907642,0.301948052,0.018019481,7,56.1
17.10537861,8.291655699,0,41.44511714,33.15784856,0.252029712,0.038003109,7,59.09
16.1005284,8.392167311,0,41.94751565,33.55978864,0.298948513,0.021029732,7,22.9
15.17015354,8.485229415,0,42.41267846,33.93193858,0.331941545,0.018029987,7,35.1
16.65182547,8.423864648,0,41.23330365,33.69100623,0.302024148,0.017933239,28,61.09
14.02291648,11.73574434,0,46.85793573,27.38340346,0.304952215,0.014943527,28,59.8
18.71834398,4.681788152,0,37.5291786,39.07068928,0.288913985,0.031055901,28,60.29
18.71422281,4.680757376,0,41.21532365,35.38969617,0.284961415,0.03500847,28,61.8
16.20920683,4.054462935,0,36.83164037,42.90468986,0.270051195,0.049914676,28,56.7
21.32531202,5.333572775,0,38.255365,35.0857502,0.304984843,0.014988212,28,68.3
20.58100755,5.14305775,0,37.39248727,36.88344743,0.235073354,0.054930058,28,66.9
18.71834398,4.681788152,0,37.5291786,39.07068928,0.288913985,0.031055901,28,60.29
17.1681025,4.289816656,0,37.64523967,40.89684118,0.325097797,0.024912497,28,50.7
23.33230864,0,0,37.42040314,39.24728822,0.266892528,0.053077357,28,56.4
18.71834398,4.681788152,0,37.5291786,39.07068928,0.288913985,0.031055901,28,60.29
14.08251612,9.386871632,0,37.64025091,38.89036134,0.293054771,0.026915114,28,55.5
17.50457437,4.12564259,0,41.24771282,37.12207023,0.296878147,0.022960725,28,68.5
16.1005284,8.392167311,0,41.94751565,33.55978864,0.298948513,0.021029732,28,71.3
14.65302612,12.80159341,0,42.67348694,29.87189353,0.303050289,0.016982688,28,74.7
16.71806167,6.660792952,0,49.969163,26.65198238,0.289994347,0.02996043,28,52.2
16.1005284,8.392167311,0,41.94751565,33.55978864,0.298948513,0.021029732,28,71.3
12.47222827,8.751905903,0,43.76388586,35.01197996,0.297003284,0.022988506,28,67.7
16.1005284,8.392167311,0,41.94751565,33.55978864,0.298948513,0.021029732,28,71.3
19.87504527,8.013400942,0,40.06247736,32.04907642,0.301948052,0.018019481,28,66
17.10537861,8.291655699,0,41.44511714,33.15784856,0.252029712,0.038003109,28,74.5
16.1005284,8.392167311,0,41.94751565,33.55978864,0.298948513,0.021029732,28,71.3
15.17015354,8.485229415,0,42.41267846,33.93193858,0.331941545,0.018029987,28,49.9
16.65182547,8.423864648,0,41.23330365,33.69100623,0.302024148,0.017933239,56,63.4
14.02291648,11.73574434,0,46.85793573,27.38340346,0.304952215,0.014943527,56,64.9
18.71834398,4.681788152,0,37.5291786,39.07068928,0.288913985,0.031055901,56,64.3
18.71422281,4.680757376,0,41.21532365,35.38969617,0.284961415,0.03500847,56,64.9
16.20920683,4.054462935,0,36.83164037,42.90468986,0.270051195,0.049914676,56,60.2
21.32531202,5.333572775,0,38.255365,35.0857502,0.304984843,0.014988212,56,72.3
20.58100755,5.14305775,0,37.39248727,36.88344743,0.235073354,0.054930058,56,69.3
18.71834398,4.681788152,0,37.5291786,39.07068928,0.288913985,0.031055901,56,64.3
17.1681025,4.289816656,0,37.64523967,40.89684118,0.325097797,0.024912497,56,55.2
23.33230864,0,0,37.42040314,39.24728822,0.266892528,0.053077357,56,58.8
18.71834398,4.681788152,0,37.5291786,39.07068928,0.288913985,0.031055901,56,64.3
14.08251612,9.386871632,0,37.64025091,38.89036134,0.293054771,0.026915114,56,66.1
17.50457437,4.12564259,0,41.24771282,37.12207023,0.296878147,0.022960725,56,73.7
16.1005284,8.392167311,0,41.94751565,33.55978864,0.298948513,0.021029732,56,77.3
14.65302612,12.80159341,0,42.67348694,29.87189353,0.303050289,0.016982688,56,80.2
16.71806167,6.660792952,0,49.969163,26.65198238,0.289994347,0.02996043,56,54.9
16.1005284,8.392167311,0,41.94751565,33.55978864,0.298948513,0.021029732,56,77.3
12.47222827,8.751905903,0,43.76388586,35.01197996,0.297003284,0.022988506,56,72.99
16.1005284,8.392167311,0,41.94751565,33.55978864,0.298948513,0.021029732,56,77.3
19.87504527,8.013400942,0,40.06247736,32.04907642,0.301948052,0.018019481,56,71.7
17.10537861,8.291655699,0,41.44511714,33.15784856,0.252029712,0.038003109,56,79.4
16.1005284,8.392167311,0,41.94751565,33.55978864,0.298948513,0.021029732,56,77.3
15.17015354,8.485229415,0,42.41267846,33.93193858,0.331941545,0.018029987,56,59.89
16.65182547,8.423864648,0,41.23330365,33.69100623,0.302024148,0.017933239,91,64.9
14.02291648,11.73574434,0,46.85793573,27.38340346,0.304952215,0.014943527,91,66.6
18.71834398,4.681788152,0,37.5291786,39.07068928,0.288913985,0.031055901,91,65.2
18.71422281,4.680757376,0,41.21532365,35.38969617,0.284961415,0.03500847,91,66.7
16.20920683,4.054462935,0,36.83164037,42.90468986,0.270051195,0.049914676,91,62.5
21.32531202,5.333572775,0,38.255365,35.0857502,0.304984843,0.014988212,91,74.19
20.58100755,5.14305775,0,37.39248727,36.88344743,0.235073354,0.054930058,91,70.7
18.71834398,4.681788152,0,37.5291786,39.07068928,0.288913985,0.031055901,91,65.2
17.1681025,4.289816656,0,37.64523967,40.89684118,0.325097797,0.024912497,91,57.6
23.33230864,0,0,37.42040314,39.24728822,0.266892528,0.053077357,91,59.2
18.71834398,4.681788152,0,37.5291786,39.07068928,0.288913985,0.031055901,91,65.2
14.08251612,9.386871632,0,37.64025091,38.89036134,0.293054771,0.026915114,91,68.1
17.50457437,4.12564259,0,41.24771282,37.12207023,0.296878147,0.022960725,91,75.5
16.1005284,8.392167311,0,41.94751565,33.55978864,0.298948513,0.021029732,91,79.3
16.71806167,6.660792952,0,49.969163,26.65198238,0.289994347,0.02996043,91,56.5
16.1005284,8.392167311,0,41.94751565,33.55978864,0.298948513,0.021029732,91,79.3
12.47222827,8.751905903,0,43.76388586,35.01197996,0.297003284,0.022988506,91,76.8
16.1005284,8.392167311,0,41.94751565,33.55978864,0.298948513,0.021029732,91,79.3
19.87504527,8.013400942,0,40.06247736,32.04907642,0.301948052,0.018019481,91,73.3
17.10537861,8.291655699,0,41.44511714,33.15784856,0.252029712,0.038003109,91,82.6
16.1005284,8.392167311,0,41.94751565,33.55978864,0.298948513,0.021029732,91,79.3
15.17015354,8.485229415,0,42.41267846,33.93193858,0.331941545,0.018029987,91,67.8
10.31148704,0,4.482872154,44.84634326,40.35929754,0.593329781,0.013979877,3,11.58
10.31148704,0,4.482872154,44.84634326,40.35929754,0.593329781,0.013979877,14,24.45
10.31148704,0,4.482872154,44.84634326,40.35929754,0.593329781,0.013979877,28,24.89
10.31148704,0,4.482872154,44.84634326,40.35929754,0.593329781,0.013979877,56,29.45
10.31148704,0,4.482872154,44.84634326,40.35929754,0.593329781,0.013979877,100,40.71
10.98942935,0,4.445405365,44.51233555,40.05282973,0.602606657,0.013907244,3,10.38
10.98942935,0,4.445405365,44.51233555,40.05282973,0.602606657,0.013907244,14,22.14
10.98942935,0,4.445405365,44.51233555,40.05282973,0.602606657,0.013907244,28,22.84
10.98942935,0,4.445405365,44.51233555,40.05282973,0.602606657,0.013907244,56,27.66
10.98942935,0,4.445405365,44.51233555,40.05282973,0.602606657,0.013907244,100,34.56
8.819026048,0,4.553567384,45.59003398,41.03737259,0.56104336,0.025338753,3,12.45
8.819026048,0,4.553567384,45.59003398,41.03737259,0.56104336,0.025338753,14,24.99
8.819026048,0,4.553567384,45.59003398,41.03737259,0.56104336,0.025338753,28,25.72
8.819026048,0,4.553567384,45.59003398,41.03737259,0.56104336,0.025338753,56,33.96
8.819026048,0,4.553567384,45.59003398,41.03737259,0.56104336,0.025338753,100,37.34
8.627702944,0,5.673977078,49.31925849,36.37906149,0.5129714,0.024582384,3,15.04
8.627702944,0,5.673977078,49.31925849,36.37906149,0.5129714,0.024582384,14,21.06
8.627702944,0,5.673977078,49.31925849,36.37906149,0.5129714,0.024582384,28,26.4
8.627702944,0,5.673977078,49.31925849,36.37906149,0.5129714,0.024582384,56,35.34
8.627702944,0,5.673977078,49.31925849,36.37906149,0.5129714,0.024582384,100,40.57
9.770064636,0,5.603033249,48.72363068,35.90327143,0.540351824,0.017051755,3,12.47
9.770064636,0,5.603033249,48.72363068,35.90327143,0.540351824,0.017051755,14,20.92
9.770064636,0,5.603033249,48.72363068,35.90327143,0.540351824,0.017051755,28,24.9
9.770064636,0,5.603033249,48.72363068,35.90327143,0.540351824,0.017051755,56,34.2
9.770064636,0,5.603033249,48.72363068,35.90327143,0.540351824,0.017051755,100,39.61
10.76502502,0,5.53815763,48.18679287,35.51002448,0.561243827,0.013293901,3,10.03
10.76502502,0,5.53815763,48.18679287,35.51002448,0.561243827,0.013293901,14,20.08
10.76502502,0,5.53815763,48.18679287,35.51002448,0.561243827,0.013293901,28,24.48
10.76502502,0,5.53815763,48.18679287,35.51002448,0.561243827,0.013293901,56,31.54
10.76502502,0,5.53815763,48.18679287,35.51002448,0.561243827,0.013293901,100,35.34
8.627465201,0,5.673983891,49.31987435,36.37867655,0.512962728,0.031313387,3,9.45
8.627465201,0,5.673983891,49.31987435,36.37867655,0.512962728,0.031313387,14,22.72
8.627465201,0,5.673983891,49.31987435,36.37867655,0.512962728,0.031313387,28,28.47
8.627465201,0,5.673983891,49.31987435,36.37867655,0.512962728,0.031313387,56,38.56
8.627465201,0,5.673983891,49.31987435,36.37867655,0.512962728,0.031313387,100,40.39
7.660801181,0,7.53073038,48.82728719,35.98118125,0.535766335,0.013632499,3,10.76
7.660801181,0,7.53073038,48.82728719,35.98118125,0.535766335,0.013632499,14,25.48
7.660801181,0,7.53073038,48.82728719,35.98118125,0.535766335,0.013632499,28,21.54
7.660801181,0,7.53073038,48.82728719,35.98118125,0.535766335,0.013632499,56,28.63
7.660801181,0,7.53073038,48.82728719,35.98118125,0.535766335,0.013632499,100,33.54
7.590377237,1.901774779,7.404176854,47.84717106,35.25650007,0.325656663,0.015299845,3,7.75
7.590377237,1.901774779,7.404176854,47.84717106,35.25650007,0.325656663,0.015299845,14,17.82
7.590377237,1.901774779,7.404176854,47.84717106,35.25650007,0.325656663,0.015299845,28,24.24
7.590377237,1.901774779,7.404176854,47.84717106,35.25650007,0.325656663,0.015299845,56,32.85
7.590377237,1.901774779,7.404176854,47.84717106,35.25650007,0.325656663,0.015299845,100,39.23
9.770235799,4.482367678,1.120477632,48.72317665,35.90374224,0.540353277,0.020399667,3,18
9.770235799,4.482367678,1.120477632,48.72317665,35.90374224,0.540353277,0.020399667,14,30.39
9.770235799,4.482367678,1.120477632,48.72317665,35.90374224,0.540353277,0.020399667,28,45.71
9.770235799,4.482367678,1.120477632,48.72317665,35.90374224,0.540353277,0.020399667,56,50.77
9.770235799,4.482367678,1.120477632,48.72317665,35.90374224,0.540353277,0.020399667,100,53.9
9.770277806,4.482005247,1.120729846,48.72341009,35.90357701,0.540346078,0.01977166,3,13.18
9.770277806,4.482005247,1.120729846,48.72341009,35.90357701,0.540346078,0.01977166,14,17.84
9.770277806,4.482005247,1.120729846,48.72341009,35.90357701,0.540346078,0.01977166,28,40.23
9.770277806,4.482005247,1.120729846,48.72341009,35.90357701,0.540346078,0.01977166,56,47.13
9.770277806,4.482005247,1.120729846,48.72341009,35.90357701,0.540346078,0.01977166,100,49.97
10.76505575,0,5.538135613,48.18684177,35.50996686,0.561263799,0.017623045,3,13.36
10.76505575,0,5.538135613,48.18684177,35.50996686,0.561263799,0.017623045,14,22.32
10.76505575,0,5.538135613,48.18684177,35.50996686,0.561263799,0.017623045,28,24.54
10.76505575,0,5.538135613,48.18684177,35.50996686,0.561263799,0.017623045,56,31.35
10.76505575,0,5.538135613,48.18684177,35.50996686,0.561263799,0.017623045,100,40.86
11.18088564,0,4.420219062,44.61598437,39.78291093,0.561958092,0.021074181,3,19.93
11.18088564,0,4.420219062,44.61598437,39.78291093,0.561958092,0.021074181,14,25.69
11.18088564,0,4.420219062,44.61598437,39.78291093,0.561958092,0.021074181,28,30.23
11.18088564,0,4.420219062,44.61598437,39.78291093,0.561958092,0.021074181,56,39.59
11.18088564,0,4.420219062,44.61598437,39.78291093,0.561958092,0.021074181,100,44.3
11.55417522,0,4.422476106,44.22291239,39.80043629,0.542162053,0.015996992,3,13.82
11.55417522,0,4.422476106,44.22291239,39.80043629,0.542162053,0.015996992,14,24.92
11.55417522,0,4.422476106,44.22291239,39.80043629,0.542162053,0.015996992,28,29.22
11.55417522,0,4.422476106,44.22291239,39.80043629,0.542162053,0.015996992,56,38.33
11.55417522,0,4.422476106,44.22291239,39.80043629,0.542162053,0.015996992,100,42.35
9.554552484,0,4.512471451,45.30904383,40.62393224,0.509188533,0.027837259,3,13.54
9.554552484,0,4.512471451,45.30904383,40.62393224,0.509188533,0.027837259,14,26.31
9.554552484,0,4.512471451,45.30904383,40.62393224,0.509188533,0.027837259,28,31.64
9.554552484,0,4.512471451,45.30904383,40.62393224,0.509188533,0.027837259,56,42.55
9.554552484,0,4.512471451,45.30904383,40.62393224,0.509188533,0.027837259,100,42.92
9.572853572,0,4.520952016,45.20501678,40.70117764,0.509170501,0.033135225,3,13.33
9.572853572,0,4.520952016,45.20501678,40.70117764,0.509170501,0.033135225,14,25.37
9.572853572,0,4.520952016,45.20501678,40.70117764,0.509170501,0.033135225,28,37.4
9.572853572,0,4.520952016,45.20501678,40.70117764,0.509170501,0.033135225,56,44.4
9.572853572,0,4.520952016,45.20501678,40.70117764,0.509170501,0.033135225,100,47.74
9.542156527,0,5.616369299,48.85404101,35.98743316,0.472118297,0.023279292,3,19.52
9.542156527,0,5.616369299,48.85404101,35.98743316,0.472118297,0.023279292,14,31.35
9.542156527,0,5.616369299,48.85404101,35.98743316,0.472118297,0.023279292,28,38.5
9.542156527,0,5.616369299,48.85404101,35.98743316,0.472118297,0.023279292,56,45.08
9.542156527,0,5.616369299,48.85404101,35.98743316,0.472118297,0.023279292,100,47.82
10.59079983,0,5.557942072,48.2766815,35.5745766,0.492288536,0.019016894,3,15.44
10.59079983,0,5.557942072,48.2766815,35.5745766,0.492288536,0.019016894,14,26.77
10.59079983,0,5.557942072,48.2766815,35.5745766,0.492288536,0.019016894,28,33.73
10.59079983,0,5.557942072,48.2766815,35.5745766,0.492288536,0.019016894,56,42.7
10.59079983,0,5.557942072,48.2766815,35.5745766,0.492288536,0.019016894,100,45.84
11.66033482,0,5.486206785,47.70453249,35.14892591,0.509820366,0.015555676,3,17.22
11.66033482,0,5.486206785,47.70453249,35.14892591,0.509820366,0.015555676,14,29.93
11.66033482,0,5.486206785,47.70453249,35.14892591,0.509820366,0.015555676,28,29.65
11.66033482,0,5.486206785,47.70453249,35.14892591,0.509820366,0.015555676,56,36.97
11.66033482,0,5.486206785,47.70453249,35.14892591,0.509820366,0.015555676,100,43.58
11.66033482,0,5.486206785,47.70453249,35.14892591,0.509820366,0.017178877,3,13.12
11.66033482,0,5.486206785,47.70453249,35.14892591,0.509820366,0.017178877,14,24.43
11.66033482,0,5.486206785,47.70453249,35.14892591,0.509820366,0.017178877,28,32.66
11.66033482,0,5.486206785,47.70453249,35.14892591,0.509820366,0.017178877,56,36.64
11.66033482,0,5.486206785,47.70453249,35.14892591,0.509820366,0.017178877,100,44.21
8.313357381,0,7.654723874,48.3822916,35.64962714,0.486782055,0.021699819,3,13.62
8.313357381,0,7.654723874,48.3822916,35.64962714,0.486782055,0.021699819,14,21.6
8.313357381,0,7.654723874,48.3822916,35.64962714,0.486782055,0.021699819,28,27.77
8.313357381,0,7.654723874,48.3822916,35.64962714,0.486782055,0.021699819,56,35.57
8.313357381,0,7.654723874,48.3822916,35.64962714,0.486782055,0.021699819,100,45.37
8.315100467,2.065071919,5.571263481,48.39055941,35.65800472,0.487400493,0.023452265,3,7.32
8.315100467,2.065071919,5.571263481,48.39055941,35.65800472,0.487400493,0.023452265,14,21.5
8.315100467,2.065071919,5.571263481,48.39055941,35.65800472,0.487400493,0.023452265,28,31.27
8.315100467,2.065071919,5.571263481,48.39055941,35.65800472,0.487400493,0.023452265,56,43.5
8.315100467,2.065071919,5.571263481,48.39055941,35.65800472,0.487400493,0.023452265,100,48.67
7.633684401,1.9084211,5.6163269,48.85413371,35.98743389,0.472133592,0.032294618,3,7.4
7.633684401,1.9084211,5.6163269,48.85413371,35.98743389,0.472133592,0.032294618,14,23.51
7.633684401,1.9084211,5.6163269,48.85413371,35.98743389,0.472133592,0.032294618,28,31.12
7.633684401,1.9084211,5.6163269,48.85413371,35.98743389,0.472133592,0.032294618,56,39.15
7.633684401,1.9084211,5.6163269,48.85413371,35.98743389,0.472133592,0.032294618,100,48.15
13.12191837,0,4.346706075,43.43904081,39.09233474,0.43484335,0.024344812,3,22.5
13.12191837,0,4.346706075,43.43904081,39.09233474,0.43484335,0.024344812,14,34.67
13.12191837,0,4.346706075,43.43904081,39.09233474,0.43484335,0.024344812,28,34.74
13.12191837,0,4.346706075,43.43904081,39.09233474,0.43484335,0.024344812,56,45.08
13.12191837,0,4.346706075,43.43904081,39.09233474,0.43484335,0.024344812,100,48.97
12.45756424,0,4.379145215,43.79145215,39.3718384,0.428907168,0.031593847,3,23.14
12.45756424,0,4.379145215,43.79145215,39.3718384,0.428907168,0.031593847,14,41.89
12.45756424,0,4.379145215,43.79145215,39.3718384,0.428907168,0.031593847,28,48.28
12.45756424,0,4.379145215,43.79145215,39.3718384,0.428907168,0.031593847,56,51.04
12.45756424,0,4.379145215,43.79145215,39.3718384,0.428907168,0.031593847,100,55.64
13.40668906,0,4.336058104,43.30345606,38.95379677,0.438328862,0.022665134,3,22.95
13.40668906,0,4.336058104,43.30345606,38.95379677,0.438328862,0.022665134,14,35.23
13.40668906,0,4.336058104,43.30345606,38.95379677,0.438328862,0.022665134,28,39.94
13.40668906,0,4.336058104,43.30345606,38.95379677,0.438328862,0.022665134,56,48.72
13.40668906,0,4.336058104,43.30345606,38.95379677,0.438328862,0.022665134,100,52.04
11.1543249,0,4.427001431,44.56237182,39.85630185,0.415465529,0.035110163,3,21.02
11.1543249,0,4.427001431,44.56237182,39.85630185,0.415465529,0.035110163,14,33.36
11.1543249,0,4.427001431,44.56237182,39.85630185,0.415465529,0.035110163,28,33.94
11.1543249,0,4.427001431,44.56237182,39.85630185,0.415465529,0.035110163,56,44.14
11.1543249,0,4.427001431,44.56237182,39.85630185,0.415465529,0.035110163,100,45.37
11.19741799,0,4.438960362,44.40129101,39.96233065,0.454535001,0.03679747,3,15.36
11.19741799,0,4.438960362,44.40129101,39.96233065,0.454535001,0.03679747,14,28.68
11.19741799,0,4.438960362,44.40129101,39.96233065,0.454535001,0.03679747,28,30.85
11.19741799,0,4.438960362,44.40129101,39.96233065,0.454535001,0.03679747,56,42.03
11.19741799,0,4.438960362,44.40129101,39.96233065,0.454535001,0.03679747,100,51.06
11.32537043,0,4.432564424,44.33731479,39.90475036,0.416595454,0.040363471,3,21.78
11.32537043,0,4.432564424,44.33731479,39.90475036,0.416595454,0.040363471,14,42.29
11.32537043,0,4.432564424,44.33731479,39.90475036,0.416595454,0.040363471,28,50.6
11.32537043,0,4.432564424,44.33731479,39.90475036,0.416595454,0.040363471,56,55.83
11.32537043,0,4.432564424,44.33731479,39.90475036,0.416595454,0.040363471,100,60.95
10.9236148,0,5.535493008,48.09700832,35.44388387,0.385308274,0.032238983,3,23.52
10.9236148,0,5.535493008,48.09700832,35.44388387,0.385308274,0.032238983,14,42.22
10.9236148,0,5.535493008,48.09700832,35.44388387,0.385308274,0.032238983,28,52.5
10.9236148,0,5.535493008,48.09700832,35.44388387,0.385308274,0.032238983,56,60.32
10.9236148,0,5.535493008,48.09700832,35.44388387,0.385308274,0.032238983,100,66.42
12.34871067,0,5.447762534,47.29923862,34.90428818,0.40230059,0.024973513,3,23.8
12.34871067,0,5.447762534,47.29923862,34.90428818,0.40230059,0.024973513,14,38.77
12.34871067,0,5.447762534,47.29923862,34.90428818,0.40230059,0.024973513,28,51.33
12.34871067,0,5.447762534,47.29923862,34.90428818,0.40230059,0.024973513,56,56.85
12.34871067,0,5.447762534,47.29923862,34.90428818,0.40230059,0.024973513,100,58.61
13.56306625,0,5.364796093,46.68294575,34.3891919,0.421509525,0.022956354,3,21.91
13.56306625,0,5.364796093,46.68294575,34.3891919,0.421509525,0.022956354,14,36.99
13.56306625,0,5.364796093,46.68294575,34.3891919,0.421509525,0.022956354,28,47.4
13.56306625,0,5.364796093,46.68294575,34.3891919,0.421509525,0.022956354,56,51.96
13.56306625,0,5.364796093,46.68294575,34.3891919,0.421509525,0.022956354,100,56.74
9.635176011,0,7.877096735,47.49067993,34.99704733,0.398450371,0.026153213,3,17.57
9.635176011,0,7.877096735,47.49067993,34.99704733,0.398450371,0.026153213,14,33.73
9.635176011,0,7.877096735,47.49067993,34.99704733,0.398450371,0.026153213,28,40.15
9.635176011,0,7.877096735,47.49067993,34.99704733,0.398450371,0.026153213,56,46.64
9.635176011,0,7.877096735,47.49067993,34.99704733,0.398450371,0.026153213,100,50.08
9.636563877,0,7.86451939,47.4967502,35.00216653,0.398746583,0.030071698,3,17.37
9.636563877,0,7.86451939,47.4967502,35.00216653,0.398746583,0.030071698,14,33.7
9.636563877,0,7.86451939,47.4967502,35.00216653,0.398746583,0.030071698,28,45.94
9.636563877,0,7.86451939,47.4967502,35.00216653,0.398746583,0.030071698,56,51.43
9.636563877,0,7.86451939,47.4967502,35.00216653,0.398746583,0.030071698,100,59.3
12.35453261,4.359898914,1.090197582,47.32063665,34.87473425,0.402283025,0.028012116,3,30.45
12.35453261,4.359898914,1.090197582,47.32063665,34.87473425,0.402283025,0.028012116,14,47.71
12.35453261,4.359898914,1.090197582,47.32063665,34.87473425,0.402283025,0.028012116,28,63.14
12.35453261,4.359898914,1.090197582,47.32063665,34.87473425,0.402283025,0.028012116,56,66.82
12.35453261,4.359898914,1.090197582,47.32063665,34.87473425,0.402283025,0.028012116,100,66.95
9.634793512,2.41234073,5.464852407,47.49185438,34.99615897,0.354846842,0.030026472,3,27.42
9.634793512,2.41234073,5.464852407,47.49185438,34.99615897,0.354846842,0.030026472,14,35.96
9.634793512,2.41234073,5.464852407,47.49185438,34.99615897,0.354846842,0.030026472,28,55.51
9.634793512,2.41234073,5.464852407,47.49185438,34.99615897,0.354846842,0.030026472,56,61.99
9.634793512,2.41234073,5.464852407,47.49185438,34.99615897,0.354846842,0.030026472,100,63.53
9.83312514,2.461713041,5.577290011,46.41106947,35.71680234,0.398448501,0.024603805,3,18.02
9.83312514,2.461713041,5.577290011,46.41106947,35.71680234,0.398448501,0.024603805,14,38.6
9.83312514,2.461713041,5.577290011,46.41106947,35.71680234,0.398448501,0.024603805,28,52.2
9.83312514,2.461713041,5.577290011,46.41106947,35.71680234,0.398448501,0.024603805,56,53.96
9.83312514,2.461713041,5.577290011,46.41106947,35.71680234,0.398448501,0.024603805,100,56.63
9.873273812,0,5.60004331,48.66484104,35.86184184,0.462096915,0.033033996,3,15.34
9.873273812,0,5.60004331,48.66484104,35.86184184,0.462096915,0.033033996,14,26.05
9.873273812,0,5.60004331,48.66484104,35.86184184,0.462096915,0.033033996,28,30.22
9.873273812,0,5.60004331,48.66484104,35.86184184,0.462096915,0.033033996,56,37.27
9.873273812,0,5.60004331,48.66484104,35.86184184,0.462096915,0.033033996,100,46.23
17.55483552,0,0,46.85180171,35.59336278,0.570744681,0,3,16.28
17.55483552,0,0,46.85180171,35.59336278,0.570744681,0,14,25.62
17.55483552,0,0,46.85180171,35.59336278,0.570744681,0,28,31.97
17.55483552,0,0,46.85180171,35.59336278,0.570744681,0,56,36.3
17.55483552,0,0,46.85180171,35.59336278,0.570744681,0,100,43.06
21.56101768,0,0,41.65588616,36.78309616,0.28,0.008,28,67.57
20.8974923,0,2.595688517,48.30620326,28.20061593,0.265917603,0.003558052,28,57.23
13.53674259,5.887408681,0,48.56037817,32.01547056,0.32079646,0.013053097,28,81.75
22.69662921,0,2.696629213,46.29213483,28.31460674,0.345132743,0,28,64.02
20.26055705,0,0,46.27133872,33.46810422,0.365853659,0.024944568,28,78.8
24.35110901,0,0,37.80084946,37.84804153,0.313953488,0.015891473,28,41.37
23.31838565,0,0,38.34080717,38.34080717,0.326923077,0.01,28,60.28
24.35424354,0,0,42.43542435,33.2103321,0.350378788,0.012992424,28,56.83
23.69020501,0,0,39.63553531,36.67425968,0.336538462,0.01,28,51.02
17.56386861,0,6.204379562,41.19525547,35.03649635,0.303262956,0.038387716,28,55.55
22.34884033,0,0,50.24802252,27.40313715,0.399920016,0.0059988,28,44.13
20.11440318,2.234437145,0,50.24802252,27.40313715,0.399920016,0.0059988,28,39.38
18.2764018,0.791823957,7.273731701,44.51707946,29.14096308,0.291855994,0.036350926,28,55.65
15.40596808,0.809622947,7.541059449,46.07911173,30.1642378,0.325219085,0.034858812,28,47.28
15.83238529,0.83428138,7.489571483,45.83807357,30.00568828,0.370879121,0.030023548,28,44.33
18.24324324,0,0,50.45045045,31.30630631,0.432098765,0,28,52.3
9.070294785,9.070294785,0,51.92743764,29.93197279,0.475,0,28,49.25
24.35110901,0,0,37.80084946,37.84804153,0.313953488,0.016007752,28,41.37
6.927854754,5.542283803,5.685618729,39.7993311,42.04491161,0.484210526,0.015,28,29.16
7.572172267,6.057737814,5.773781354,38.99668717,41.59962139,0.443902439,0.015609756,28,39.4
10.98076021,7.320506804,0,46.03472548,35.66400751,0.484615385,0.015,28,39.3
11.4416476,8.23798627,4.347826087,39.35926773,36.61327231,0.302857143,0.018,28,67.87
21.77900046,0,0,47.86795048,30.35304906,0.341052632,0.02,28,58.52
13.00775901,8.671839343,0,47.05613875,31.26426289,0.343157895,0.016,28,53.58
16.23347013,5.426356589,0,48.38121295,29.95896033,0.336842105,0.019010526,28,59
12.67281106,8.294930876,5.529953917,38.24884793,35.25345622,0.28173913,0.018,28,76.24
22.85191956,0,0,47.21206581,29.93601463,0.302,0.018,28,69.84
7.448907268,0.000902898,6.481452221,45.39770393,40.67103368,0.530833792,0,3,14.4
7.575757576,5.899908173,6.065197429,46.17998163,34.27915519,0.411325188,0.018984962,3,19.42
8.164528807,5.952681229,5.439044636,46.19519108,34.24855425,0.421968436,0.008371831,3,20.73
7.680939246,5.962079522,5.903330778,46.18660988,34.26704058,0.412003663,0.018291967,3,14.94
7.761159086,0.612770479,7.760708851,45.30719566,38.55816592,0.437437214,0.011552629,3,21.29
7.899600331,2.278293169,7.899145128,45.80256917,36.1203922,0.414912369,0.016292305,3,23.08
7.636729468,3.44796049,7.636729468,46.06274008,35.2158405,0.400659502,0.019320957,3,15.52
7.969718646,4.281299292,7.331902718,46.18319211,34.23388724,0.403530954,0.022782617,3,15.82
8.677772611,0,5.707069326,49.1925851,36.42257297,0.528048935,0.031313387,3,12.55
11.61823412,0,4.446995292,44.09816943,39.83660116,0.554948075,0.015418438,3,8.49
9.690274323,0,7.908353153,47.36660554,35.03476698,0.410610203,0.030071698,3,15.61
8.869248292,0,4.579498861,45.46697039,41.08428246,0.57645664,0.025338753,3,12.18
11.59701782,0,5.456416029,48.146747,34.79981915,0.52196732,0.015555676,3,11.98
7.448907268,0.000902898,6.481452221,45.39770393,40.67103368,0.530833792,0,14,16.88
7.575757576,5.899908173,6.065197429,46.17998163,34.27915519,0.411325188,0.018984962,14,33.09
8.164528807,5.952681229,5.439044636,46.19519108,34.24855425,0.421968436,0.008371831,14,34.24
7.680939246,5.962079522,5.903330778,46.18660988,34.26704058,0.412003663,0.018291967,14,31.81
7.761159086,0.612770479,7.760708851,45.30719566,38.55816592,0.437437214,0.011552629,14,29.75
7.899600331,2.278293169,7.899145128,45.80256917,36.1203922,0.414912369,0.016292305,14,33.01
7.636729468,3.44796049,7.636729468,46.06274008,35.2158405,0.400659502,0.019320957,14,32.9
7.969718646,4.281299292,7.331902718,46.18319211,34.23388724,0.403530954,0.022782617,14,29.55
8.677772611,0,5.707069326,49.1925851,36.42257297,0.528048935,0.031313387,14,19.42
11.61823412,0,4.446995292,44.09816943,39.83660116,0.554948075,0.015418438,14,24.66
9.690274323,0,7.908353153,47.36660554,35.03476698,0.410610203,0.030071698,14,29.59
8.869248292,0,4.579498861,45.46697039,41.08428246,0.57645664,0.025338753,14,24.28
11.59701782,0,5.456416029,48.146747,34.79981915,0.52196732,0.015555676,14,20.73
7.448907268,0.000902898,6.481452221,45.39770393,40.67103368,0.530833792,0,28,26.2
7.575757576,5.899908173,6.065197429,46.17998163,34.27915519,0.411325188,0.018984962,28,46.39
8.164528807,5.952681229,5.439044636,46.19519108,34.24855425,0.421968436,0.008371831,28,39.16
7.680939246,5.962079522,5.903330778,46.18660988,34.26704058,0.412003663,0.018291967,28,41.2
7.761159086,0.612770479,7.760708851,45.30719566,38.55816592,0.437437214,0.011552629,28,33.69
7.899600331,2.278293169,7.899145128,45.80256917,36.1203922,0.414912369,0.016292305,28,38.2
7.636729468,3.44796049,7.636729468,46.06274008,35.2158405,0.400659502,0.019320957,28,41.41
7.969718646,4.281299292,7.331902718,46.18319211,34.23388724,0.403530954,0.022782617,28,37.81
8.677772611,0,5.707069326,49.1925851,36.42257297,0.528048935,0.031313387,28,24.85
11.61823412,0,4.446995292,44.09816943,39.83660116,0.554948075,0.015418438,28,27.22
9.690274323,0,7.908353153,47.36660554,35.03476698,0.410610203,0.030071698,28,44.64
8.869248292,0,4.579498861,45.46697039,41.08428246,0.57645664,0.025338753,28,37.27
11.59701782,0,5.456416029,48.146747,34.79981915,0.52196732,0.015555676,28,33.27
7.448907268,0.000902898,6.481452221,45.39770393,40.67103368,0.530833792,0,56,36.56
7.575757576,5.899908173,6.065197429,46.17998163,34.27915519,0.411325188,0.018984962,56,53.72
8.164528807,5.952681229,5.439044636,46.19519108,34.24855425,0.421968436,0.008371831,56,48.59
7.680939246,5.962079522,5.903330778,46.18660988,34.26704058,0.412003663,0.018291967,56,51.72
7.761159086,0.612770479,7.760708851,45.30719566,38.55816592,0.437437214,0.011552629,56,35.85
7.899600331,2.278293169,7.899145128,45.80256917,36.1203922,0.414912369,0.016292305,56,53.77
7.636729468,3.44796049,7.636729468,46.06274008,35.2158405,0.400659502,0.019320957,56,53.46
7.969718646,4.281299292,7.331902718,46.18319211,34.23388724,0.403530954,0.022782617,56,48.99
8.677772611,0,5.707069326,49.1925851,36.42257297,0.528048935,0.031313387,56,31.72
11.61823412,0,4.446995292,44.09816943,39.83660116,0.554948075,0.015418438,56,39.64
9.690274323,0,7.908353153,47.36660554,35.03476698,0.410610203,0.030071698,56,51.26
8.869248292,0,4.579498861,45.46697039,41.08428246,0.57645664,0.025338753,56,43.39
11.59701782,0,5.456416029,48.146747,34.79981915,0.52196732,0.015555676,56,39.27
7.448907268,0.000902898,6.481452221,45.39770393,40.67103368,0.530833792,0,100,37.96
7.575757576,5.899908173,6.065197429,46.17998163,34.27915519,0.411325188,0.018984962,100,55.02
8.164528807,5.952681229,5.439044636,46.19519108,34.24855425,0.421968436,0.008371831,100,49.99
7.680939246,5.962079522,5.903330778,46.18660988,34.26704058,0.412003663,0.018291967,100,53.66
7.761159086,0.612770479,7.760708851,45.30719566,38.55816592,0.437437214,0.011552629,100,37.68
7.899600331,2.278293169,7.899145128,45.80256917,36.1203922,0.414912369,0.016292305,100,56.06
7.636729468,3.44796049,7.636729468,46.06274008,35.2158405,0.400659502,0.019320957,100,56.81
7.969718646,4.281299292,7.331902718,46.18319211,34.23388724,0.403530954,0.022782617,100,50.94
8.677772611,0,5.707069326,49.1925851,36.42257297,0.528048935,0.031313387,100,33.56
11.61823412,0,4.446995292,44.09816943,39.83660116,0.554948075,0.015418438,100,41.16
9.690274323,0,7.908353153,47.36660554,35.03476698,0.410610203,0.030071698,100,52.96
8.869248292,0,4.579498861,45.46697039,41.08428246,0.57645664,0.025338753,100,44.28
11.59701782,0,5.456416029,48.146747,34.79981915,0.52196732,0.015555676,100,40.15
20.01795332,1.077199282,3.545780969,43.4021544,31.95691203,0.295081967,0.021147541,28,57.03
20.01795332,1.077199282,3.545780969,43.4021544,31.95691203,0.295081967,0.021202186,28,44.42
20.01795332,1.077199282,3.545780969,43.4021544,31.95691203,0.295081967,0.021202186,28,51.02
20.01795332,1.077199282,3.545780969,43.4021544,31.95691203,0.295081967,0.018761384,28,53.39
20.01795332,1.077199282,3.545780969,43.4021544,31.95691203,0.295081967,0.021147541,3,35.36
20.01795332,1.077199282,3.545780969,43.4021544,31.95691203,0.295081967,0.021202186,3,25.02
20.01795332,1.077199282,3.545780969,43.4021544,31.95691203,0.295081967,0.021202186,3,23.35
20.01795332,1.077199282,3.545780969,43.4021544,31.95691203,0.295081967,0.021147541,7,52.01
20.01795332,1.077199282,3.545780969,43.4021544,31.95691203,0.295081967,0.021202186,7,38.02
20.01795332,1.077199282,3.545780969,43.4021544,31.95691203,0.295081967,0.021202186,7,39.3
20.01795332,1.077199282,3.545780969,43.4021544,31.95691203,0.295081967,0.021147541,56,61.07
20.01795332,1.077199282,3.545780969,43.4021544,31.95691203,0.295081967,0.021202186,56,56.14
20.01795332,1.077199282,3.545780969,43.4021544,31.95691203,0.295081967,0.021202186,56,55.25
20.01795332,1.077199282,3.545780969,43.4021544,31.95691203,0.295081967,0.018761384,56,54.77
16.94395797,0.875656743,4.11558669,41.06830123,36.99649737,0.313373253,0.028582834,28,50.24
16.94395797,0.875656743,4.11558669,41.06830123,36.99649737,0.313373253,0.027804391,28,46.68
16.94395797,0.875656743,4.11558669,41.06830123,36.99649737,0.313373253,0.023173653,28,46.68
16.94395797,0.875656743,4.11558669,41.06830123,36.99649737,0.313373253,0.028582834,3,22.75
16.94395797,0.875656743,4.11558669,41.06830123,36.99649737,0.313373253,0.027804391,3,25.51
16.94395797,0.875656743,4.11558669,41.06830123,36.99649737,0.313373253,0.023173653,3,34.77
16.94395797,0.875656743,4.11558669,41.06830123,36.99649737,0.313373253,0.028582834,7,36.84
16.94395797,0.875656743,4.11558669,41.06830123,36.99649737,0.313373253,0.027804391,7,45.9
16.94395797,0.875656743,4.11558669,41.06830123,36.99649737,0.313373253,0.023173653,7,41.67
16.94395797,0.875656743,4.11558669,41.06830123,36.99649737,0.313373253,0.028582834,56,56.34
16.94395797,0.875656743,4.11558669,41.06830123,36.99649737,0.313373253,0.027804391,56,47.97
16.94395797,0.875656743,4.11558669,41.06830123,36.99649737,0.313373253,0.023173653,56,61.46
15.37462105,0.822867042,4.200952793,41.87960156,37.72195756,0.307855626,0.027876858,28,44.03
15.37462105,0.822867042,4.200952793,41.87960156,37.72195756,0.307855626,0.026008493,28,55.45
22.10715894,1.170643854,5.538045925,39.71184151,31.47230977,0.328125,0.006140625,28,55.55
22.72096252,1.203146691,5.691809348,38.0379454,32.34613605,0.3140625,0.006140625,28,57.92
22.10715894,1.170643854,5.538045925,39.71184151,31.47230977,0.328125,0.006140625,3,25.61
22.10715894,1.170643854,5.538045925,39.71184151,31.47230977,0.328125,0.006140625,7,33.49
22.10715894,1.170643854,5.538045925,39.71184151,31.47230977,0.328125,0.006140625,56,59.59
22.72096252,1.203146691,5.691809348,38.0379454,32.34613605,0.3140625,0.006140625,3,29.55
22.72096252,1.203146691,5.691809348,38.0379454,32.34613605,0.3140625,0.006140625,7,37.92
22.72096252,1.203146691,5.691809348,38.0379454,32.34613605,0.3140625,0.006140625,56,61.86
19.72093023,1.023255814,6.139534884,38.23255814,34.88372093,0.307958478,0.01467128,28,62.05
19.18552036,0.995475113,5.972850679,39.90950226,33.93665158,0.307958478,0.01467128,3,32.01
19.72093023,1.023255814,6.139534884,38.23255814,34.88372093,0.290657439,0.015432526,28,72.1
19.72093023,1.023255814,6.139534884,38.23255814,34.88372093,0.307958478,0.01467128,7,39
19.72093023,1.023255814,6.139534884,38.23255814,34.88372093,0.307958478,0.01467128,56,65.7
19.72093023,1.023255814,6.139534884,38.23255814,34.88372093,0.290657439,0.015432526,3,32.11
19.72093023,1.023255814,6.139534884,38.23255814,34.88372093,0.290657439,0.015432526,7,40.29
19.72093023,1.023255814,6.139534884,38.23255814,34.88372093,0.290657439,0.015432526,56,74.36
9.632808774,0.524558894,6.723891273,44.92131617,38.19742489,0.581920904,0.004858757,28,21.97
9.632808774,0.524558894,6.723891273,44.92131617,38.19742489,0.581920904,0.004858757,3,9.85
9.632808774,0.524558894,6.723891273,44.92131617,38.19742489,0.581920904,0.004858757,7,15.07
9.632808774,0.524558894,6.723891273,44.92131617,38.19742489,0.581920904,0.004858757,56,23.25
13.63418147,0.720115218,6.769083053,40.42246759,38.45415266,0.406818182,0.012409091,28,43.73
13.63418147,0.720115218,6.769083053,40.42246759,38.45415266,0.406818182,0.012409091,3,13.4
13.63418147,0.720115218,6.769083053,40.42246759,38.45415266,0.406818182,0.012409091,7,24.13
13.63418147,0.720115218,6.769083053,40.42246759,38.45415266,0.406818182,0.012409091,56,44.52
15.8709107,0.839964633,6.233421751,41.64456233,35.41114058,0.29672447,0.021021195,28,62.94
15.8709107,0.839964633,6.233421751,41.64456233,35.41114058,0.29672447,0.021021195,28,59.49
15.8709107,0.839964633,6.233421751,41.64456233,35.41114058,0.29672447,0.021021195,3,25.12
15.8709107,0.839964633,6.233421751,41.64456233,35.41114058,0.29672447,0.021021195,3,23.64
15.8709107,0.839964633,6.233421751,41.64456233,35.41114058,0.29672447,0.021021195,7,35.75
15.8709107,0.839964633,6.233421751,41.64456233,35.41114058,0.29672447,0.021021195,7,38.61
15.8709107,0.839964633,6.233421751,41.64456233,35.41114058,0.29672447,0.021021195,56,68.75
15.8709107,0.839964633,6.233421751,41.64456233,35.41114058,0.29672447,0.021021195,56,66.78
21.86450028,0,0,42.04402989,36.09146984,0.5,0,28,23.85
13.77830751,0,0,43.5375447,42.68414779,0.664359862,0,90,32.07
13.77830751,0,0,43.5375447,42.68414779,0.664359862,0,3,11.65
18.54473386,0,0,44.38467346,37.07059268,0.488549618,0,3,19.2
18.54473386,0,0,44.38467346,37.07059268,0.488549618,0,90,48.85
18.54473386,0,0,44.38467346,37.07059268,0.488549618,0,28,39.6
22.55215185,0,0,43.98609284,33.46175531,0.4,0,28,43.94
22.55215185,0,0,43.98609284,33.46175531,0.4,0,7,34.57
22.55215185,0,0,43.98609284,33.46175531,0.4,0,90,54.32
22.55215185,0,0,43.98609284,33.46175531,0.4,0,3,24.4
15.80596165,0,0,44.19973419,39.99430416,0.576576577,0,3,15.62
12.20212461,0,0,42.57823715,45.21963824,0.752941176,0,90,21.86
12.20212461,0,0,42.57823715,45.21963824,0.752941176,0,7,10.22
13.77830751,0,0,43.5375447,42.68414779,0.664359862,0,7,14.6
12.20212461,0,0,42.57823715,45.21963824,0.752941176,0,28,18.75
15.80596165,0,0,44.19973419,39.99430416,0.576576577,0,28,31.97
15.80596165,0,0,44.19973419,39.99430416,0.576576577,0,7,23.4
13.77830751,0,0,43.5375447,42.68414779,0.664359862,0,28,25.57
15.80596165,0,0,44.19973419,39.99430416,0.576576577,0,90,41.68
18.54473386,0,0,44.38467346,37.07059268,0.488549618,0,7,27.74
12.20212461,0,0,42.57823715,45.21963824,0.752941176,0,3,8.2
7.311570514,10.96735577,0,47.91196648,33.80910723,0.467758186,0,7,9.62
10.86670597,16.30005896,0,42.70488458,30.12835049,0.310016694,0,7,25.42
10.96735577,7.311570514,0,47.91196648,33.80910723,0.467758186,0,7,15.69
8.338681581,12.50573026,0,46.41056202,32.74502613,0.408401144,0,28,27.94
8.850974293,13.27417437,0,45.65913457,32.21571677,0.38391565,0,28,32.63
11.73795195,7.823769927,0,47.16313686,33.27514127,0.436120244,0,7,17.24
12.50573026,8.338681581,0,46.41056202,32.74502613,0.408401144,0,7,19.77
10.86670597,16.30005896,0,42.70488458,30.12835049,0.310016694,0,28,39.44
10.18779126,6.791860841,0,48.67807872,34.34226918,0.504619565,0,28,25.75
18.27892629,0,0,47.91196648,33.80910723,0.467758186,0,28,33.08
17.62997788,0,0,48.29461652,34.0754056,0.485490196,0,7,24.07
9.607405043,14.41338744,0,44.54881218,31.43039533,0.352505695,0,7,21.82
7.311570514,10.96735577,0,47.91196648,33.80910723,0.467758186,0,28,21.07
13.71667053,0,0,50.60978437,35.6735451,0.627789047,0,7,14.84
11.73795195,7.823769927,0,47.16313686,33.27514127,0.436120244,0,28,32.05
9.357612544,6.239941141,0,49.4872856,34.91516071,0.547464623,0,7,11.96
18.27892629,0,0,47.91196648,33.80910723,0.467758186,0,7,25.45
16.79954191,0,0,48.65436286,34.54609523,0.486890404,0,28,22.49
13.71667053,0,0,50.60978437,35.6735451,0.627789047,0,28,25.22
10.3626943,15.54858649,0,43.44150532,30.64721389,0.325732328,0,28,39.7
10.18779126,6.791860841,0,48.67807872,34.34226918,0.504619565,0,7,13.09
14.41338744,9.607405043,0,44.54881218,31.43039533,0.352505695,0,28,38.7
6.239941141,9.357612544,0,49.4872856,34.91516071,0.547464623,0,7,7.51
11.09402665,0,0,52.12934489,36.77662846,0.779924402,0,28,17.58
15.68409858,0,0,49.43820225,34.87769917,0.547464623,0,7,21.18
6.239941141,9.357612544,0,49.4872856,34.91516071,0.547464623,0,28,18.2
8.850974293,13.27417437,0,45.65913457,32.21571677,0.38391565,0,7,17.2
9.357612544,6.239941141,0,49.4872856,34.91516071,0.547464623,0,28,22.63
13.27417437,8.850974293,0,45.65913457,32.21571677,0.38391565,0,7,21.86
8.338681581,12.50573026,0,46.41056202,32.74502613,0.408401144,0,7,12.37
8.200510425,7.487841287,0,49.43419849,34.8774498,0.569981584,0,28,25.73
9.607405043,14.41338744,0,44.54881218,31.43039533,0.352505695,0,28,37.81
10.3626943,15.54858649,0,43.44150532,30.64721389,0.325732328,0,7,21.92
13.27417437,8.850974293,0,45.65913457,32.21571677,0.38391565,0,28,33.04
16.79954191,0,0,48.65436286,34.54609523,0.486890404,0,7,14.54
10.96735577,7.311570514,0,47.91196648,33.80910723,0.467758186,0,28,26.91
8.628359592,5.750695088,0,50.20389249,35.41705283,0.59845311,0,7,8
15.68409858,0,0,49.43820225,34.87769917,0.547464623,0,28,31.9
11.09402665,0,0,52.12934489,36.77662846,0.779924402,0,7,10.34
11.75293241,0,0,51.74083039,36.5062372,0.735445545,0,28,19.77
17.62997788,0,0,48.29461652,34.0754056,0.485490196,0,28,37.44
11.75293241,0,0,51.74083039,36.5062372,0.735445545,0,7,11.48
14.41338744,9.607405043,0,44.54881218,31.43039533,0.352505695,0,7,24.44
8.628359592,5.750695088,0,50.20389249,35.41705283,0.59845311,0,28,17.6
8.200510425,7.487841287,0,49.43419849,34.8774498,0.569981584,0,7,10.73
12.50573026,8.338681581,0,46.41056202,32.74502613,0.408401144,0,28,31.38
16.23563218,0,0,46.36015326,37.40421456,0.581120944,0,3,13.22
16.23563218,0,0,46.36015326,37.40421456,0.581120944,0,7,20.97
16.23563218,0,0,46.36015326,37.40421456,0.581120944,0,14,27.04
16.23563218,0,0,46.36015326,37.40421456,0.581120944,0,28,32.04
16.23563218,0,0,46.36015326,37.40421456,0.581120944,0,90,35.17
16.23563218,0,0,46.36015326,37.40421456,0.581120944,0,180,36.45
16.23563218,0,0,46.36015326,37.40421456,0.581120944,0,365,38.89
11.29727142,0,0,46.33796075,42.36476783,0.822033898,0,3,6.47
11.29727142,0,0,46.33796075,42.36476783,0.822033898,0,14,12.84
11.29727142,0,0,46.33796075,42.36476783,0.822033898,0,28,18.42
11.29727142,0,0,46.33796075,42.36476783,0.822033898,0,90,21.95
11.29727142,0,0,46.33796075,42.36476783,0.81779661,0,180,24.1
11.29727142,0,0,46.33796075,42.36476783,0.81779661,0,365,25.08
13.184198,0,0,46.07329843,40.74250357,0.689530686,0,14,21.26
13.184198,0,0,46.07329843,40.74250357,0.689530686,0,28,25.97
13.184198,0,0,46.07329843,40.74250357,0.689530686,0,3,11.36
13.184198,0,0,46.07329843,40.74250357,0.689530686,0,90,31.25
13.184198,0,0,46.07329843,40.74250357,0.689530686,0,180,32.33
13.184198,0,0,46.07329843,40.74250357,0.689530686,0,360,33.7
12.1822542,0,0,46.42685851,41.39088729,0.779527559,0,3,9.31
12.1822542,0,0,46.42685851,41.39088729,0.779527559,0,90,26.94
12.1822542,0,0,46.42685851,41.39088729,0.779527559,0,180,27.63
12.1822542,0,0,46.42685851,41.39088729,0.779527559,0,365,29.79
14.71011021,0,0,46.38236703,38.90752276,0.628664495,0,180,34.49
14.71011021,0,0,46.38236703,38.90752276,0.628664495,0,365,36.15
14.71011021,0,0,46.38236703,38.90752276,0.628664495,0,3,12.54
14.71011021,0,0,46.38236703,38.90752276,0.628664495,0,28,27.53
14.71011021,0,0,46.38236703,38.90752276,0.628664495,0,90,32.92
11.29727142,0,0,46.33796075,42.36476783,0.81779661,0,7,9.99
9.216589862,0,0,51.84331797,38.94009217,0.9,0,7,7.84
9.216589862,0,0,51.84331797,38.94009217,0.9,0,28,12.25
10.36388761,0,0,51.26669737,38.36941502,0.804444444,0,7,11.17
10.36388761,0,0,51.26669737,38.36941502,0.804444444,0,28,17.34
14.97005988,0,0,48.96361124,36.06632888,0.566153846,0,7,17.54
14.97005988,0,0,48.96361124,36.06632888,0.566153846,0,28,30.57
12.66697374,0,0,50.11515431,37.21787195,0.665454545,0,7,14.2
12.66697374,0,0,50.11515431,37.21787195,0.665454545,0,28,24.5
13.82488479,0,0,49.53917051,36.6359447,0.613333333,0,7,15.58
13.82488479,0,0,49.53917051,36.6359447,0.613333333,0,28,26.85
17.27314602,0,0,47.81206817,34.91478581,0.496,0,7,26.06
17.27314602,0,0,47.81206817,34.91478581,0.496,0,28,38.21
18.43317972,0,0,47.23502304,34.33179724,0.4675,0,28,43.7
18.43317972,0,0,47.23502304,34.33179724,0.4675,0,7,30.14
11.52073733,0,0,50.69124424,37.78801843,0.728,0,7,12.73
11.52073733,0,0,50.69124424,37.78801843,0.728,0,28,20.87
16.12903226,0,0,48.38709677,35.48387097,0.531428571,0,7,20.28
16.12903226,0,0,48.38709677,35.48387097,0.531428571,0,28,34.29
9.680334887,14.52288079,0,45.82818,29.96860432,0.399960692,0,7,19.54
11.97874276,7.985828506,0,46.8042323,33.23119644,0.488009592,0,90,47.71
7.442169132,11.18695487,0,44.34015927,37.03071672,0.488549618,0,90,43.38
6.814236111,10.22376543,0,46.86535494,36.09664352,0.575997736,0,28,29.89
7.999232688,11.99884903,0,46.78687896,33.21503932,0.488009592,0,3,6.9
5.937621077,8.906431616,0,46.40643162,38.74951569,0.663947798,0,90,33.19
8.902551193,5.935034129,0,46.43462265,38.72779203,0.663947798,0,3,4.9
4.894433781,7.341650672,0,42.56238004,45.20153551,0.752941176,0,3,4.57
4.894433781,7.341650672,0,42.56238004,45.20153551,0.752941176,0,90,25.46
5.937621077,8.906431616,0,46.40643162,38.74951569,0.663947798,0,28,24.29
7.999232688,11.99884903,0,46.78687896,33.21503932,0.488009592,0,28,33.95
9.502993443,6.31949064,0,45.87094935,38.30656657,0.576576577,0,3,11.41
5.262646387,7.891539919,0,45.59016473,41.25564896,0.75175471,0,28,20.59
14.50218507,9.666539996,0,45.85787574,29.9733992,0.399960692,0,7,25.89
5.262646387,7.891539919,0,45.59016473,41.25564896,0.75175471,0,90,29.23
5.548380925,8.274740518,0,43.51652557,42.66035299,0.664359862,0,90,31.02
6.814236111,10.22376543,0,46.86535494,36.09664352,0.575997736,0,7,10.39
7.442169132,11.18695487,0,44.34015927,37.03071672,0.488549618,0,28,33.66
6.334539912,9.525623928,0,44.17031816,39.969518,0.576576577,0,28,27.87
11.97874276,7.985828506,0,46.8042323,33.23119644,0.488009592,0,7,19.35
8.267227373,5.543343209,0,45.24514957,40.94427984,0.664359862,0,7,11.39
9.031469025,13.54720354,0,43.73677031,33.68455713,0.4,0,3,12.79
9.031469025,13.54720354,0,43.73677031,33.68455713,0.4,0,28,39.32
7.334260103,4.889506735,0,42.5674704,45.20876276,0.752941176,0,3,4.78
13.52239647,9.014930979,0,43.75997746,33.70269509,0.4,0,3,16.11
14.50218507,9.666539996,0,45.85787574,29.9733992,0.399960692,0,28,43.38
11.15997541,7.42422093,0,45.99233934,35.42346432,0.488549618,0,7,20.42
8.267227373,5.543343209,0,45.24514957,40.94427984,0.664359862,0,3,6.94
10.20850388,6.80406414,0,46.87244185,36.11499013,0.575997736,0,7,15.03
11.15997541,7.42422093,0,45.99233934,35.42346432,0.488549618,0,3,13.57
8.902551193,5.935034129,0,46.43462265,38.72779203,0.663947798,0,90,32.53
7.999232688,11.99884903,0,46.78687896,33.21503932,0.488009592,0,7,15.75
4.894433781,7.341650672,0,42.56238004,45.20153551,0.752941176,0,7,7.68
13.52239647,9.014930979,0,43.75997746,33.70269509,0.4,0,28,38.8
10.20850388,6.80406414,0,46.87244185,36.11499013,0.575997736,0,28,33
4.894433781,7.341650672,0,42.56238004,45.20153551,0.752941176,0,28,17.28
8.267227373,5.543343209,0,45.24514957,40.94427984,0.664359862,0,28,24.28
8.902551193,5.935034129,0,46.43462265,38.72779203,0.663947798,0,28,24.05
6.334539912,9.525623928,0,44.17031816,39.969518,0.576576577,0,90,36.59
9.031469025,13.54720354,0,43.73677031,33.68455713,0.4,0,90,50.73
6.334539912,9.525623928,0,44.17031816,39.969518,0.576576577,0,7,13.66
14.50218507,9.666539996,0,45.85787574,29.9733992,0.399960692,0,3,14.14
11.15997541,7.42422093,0,45.99233934,35.42346432,0.488549618,0,90,47.78
5.262646387,7.891539919,0,45.59016473,41.25564896,0.75175471,0,3,2.33
7.442169132,11.18695487,0,44.34015927,37.03071672,0.488549618,0,7,16.89
13.52239647,9.014930979,0,43.75997746,33.70269509,0.4,0,7,23.52
10.20850388,6.80406414,0,46.87244185,36.11499013,0.575997736,0,3,6.81
10.20850388,6.80406414,0,46.87244185,36.11499013,0.575997736,0,90,39.7
7.334260103,4.889506735,0,42.5674704,45.20876276,0.752941176,0,28,17.96
11.15997541,7.42422093,0,45.99233934,35.42346432,0.488549618,0,28,32.88
5.548380925,8.274740518,0,43.51652557,42.66035299,0.664359862,0,28,22.35
8.902551193,5.935034129,0,46.43462265,38.72779203,0.663947798,0,7,10.79
5.262646387,7.891539919,0,45.59016473,41.25564896,0.75175471,0,7,7.72
9.680334887,14.52288079,0,45.82818,29.96860432,0.399960692,0,28,41.68
9.680334887,14.52288079,0,45.82818,29.96860432,0.399960692,0,3,9.56
6.334539912,9.525623928,0,44.17031816,39.969518,0.576576577,0,3,6.88
13.52239647,9.014930979,0,43.75997746,33.70269509,0.4,0,90,50.53
9.502993443,6.31949064,0,45.87094935,38.30656657,0.576576577,0,7,17.17
9.502993443,6.31949064,0,45.87094935,38.30656657,0.576576577,0,28,30.44
11.97874276,7.985828506,0,46.8042323,33.23119644,0.488009592,0,3,9.73
5.937621077,8.906431616,0,46.40643162,38.74951569,0.663947798,0,3,3.32
7.334260103,4.889506735,0,42.5674704,45.20876276,0.752941176,0,90,26.32
9.502993443,6.31949064,0,45.87094935,38.30656657,0.576576577,0,90,43.25
5.548380925,8.274740518,0,43.51652557,42.66035299,0.664359862,0,3,6.28
8.267227373,5.543343209,0,45.24514957,40.94427984,0.664359862,0,90,32.1
11.97874276,7.985828506,0,46.8042323,33.23119644,0.488009592,0,28,36.96
14.50218507,9.666539996,0,45.85787574,29.9733992,0.399960692,0,90,54.6
9.031469025,13.54720354,0,43.73677031,33.68455713,0.4,0,7,21.48
7.442169132,11.18695487,0,44.34015927,37.03071672,0.488549618,0,3,9.69
7.334260103,4.889506735,0,42.5674704,45.20876276,0.752941176,0,7,8.37
6.814236111,10.22376543,0,46.86535494,36.09664352,0.575997736,0,90,39.66
5.548380925,8.274740518,0,43.51652557,42.66035299,0.664359862,0,7,10.09
6.814236111,10.22376543,0,46.86535494,36.09664352,0.575997736,0,3,4.83
5.937621077,8.906431616,0,46.40643162,38.74951569,0.663947798,0,7,10.35
7.999232688,11.99884903,0,46.78687896,33.21503932,0.488009592,0,90,43.57
9.680334887,14.52288079,0,45.82818,29.96860432,0.399960692,0,90,51.86
14.40520446,0,0,47.0260223,38.56877323,0.619354839,0,3,11.85
14.40520446,0,0,47.0260223,38.56877323,0.619354839,0,7,17.24
14.40520446,0,0,47.0260223,38.56877323,0.619354839,0,28,27.83
14.40520446,0,0,47.0260223,38.56877323,0.619354839,0,90,35.76
14.40520446,0,0,47.0260223,38.56877323,0.619354839,0,120,38.7
15.20440974,0,0,47.08314194,37.71244832,0.580060423,0,3,14.31
15.20440974,0,0,47.08314194,37.71244832,0.580060423,0,7,17.44
15.20440974,0,0,47.08314194,37.71244832,0.580060423,0,28,31.74
15.20440974,0,0,47.08314194,37.71244832,0.580060423,0,90,37.91
15.20440974,0,0,47.08314194,37.71244832,0.580060423,0,120,39.38
15.7633243,0,0,47.69647696,36.54019874,0.550143266,0,3,15.87
15.7633243,0,0,47.69647696,36.54019874,0.550143266,0,7,9.01
15.7633243,0,0,47.69647696,36.54019874,0.550143266,0,28,33.61
15.7633243,0,0,47.69647696,36.54019874,0.550143266,0,90,40.66
15.7633243,0,0,47.69647696,36.54019874,0.550143266,0,120,40.86
11.09040075,0,0,52.14352283,36.76607642,0.781512605,0,7,12.05
11.09040075,0,0,52.14352283,36.76607642,0.781512605,0,28,17.54
13.73549884,0,0,50.5800464,35.68445476,0.628378378,0,7,18.91
13.73549884,0,0,50.5800464,35.68445476,0.628378378,0,28,25.18
14.34089812,0,0,50.21728634,35.44181555,0.626262626,0,7,30.96
22.46139448,0,0,43.79971923,33.73888629,0.4,0,28,43.89
22.46139448,0,0,43.79971923,33.73888629,0.4,0,90,54.28
18.28650392,0,0,47.90419162,33.80930447,0.468513854,0,28,36.94
13.01528485,0,0,51.13478462,35.84993052,0.661921708,0,7,14.5
13.01528485,0,0,51.13478462,35.84993052,0.658362989,0,28,22.44
22.34137623,0,0,50.26809651,27.39052726,0.4,0,1,12.64
22.34137623,0,0,50.26809651,27.39052726,0.4,0,3,26.06
22.34137623,0,0,50.26809651,27.39052726,0.4,0,7,33.21
22.34137623,0,0,50.26809651,27.39052726,0.4,0,14,36.94
22.34137623,0,0,50.26809651,27.39052726,0.4,0,28,44.09
23.70500439,0,0,49.38542581,26.9095698,0.32037037,0,7,52.61
23.70500439,0,0,49.38542581,26.9095698,0.32037037,0,14,59.76
23.70500439,0,0,49.38542581,26.9095698,0.32037037,0,28,67.31
23.70500439,0,0,49.38542581,26.9095698,0.32037037,0,90,69.66
23.70500439,0,0,49.38542581,26.9095698,0.32037037,0,180,71.62
23.70500439,0,0,49.38542581,26.9095698,0.32037037,0,270,74.17
16.67460696,0,0,46.40304907,36.92234397,0.58,0,7,18.13
16.67460696,0,0,46.40304907,36.92234397,0.58,0,14,22.53
16.67460696,0,0,46.40304907,36.92234397,0.58,0,28,27.34
16.67460696,0,0,46.40304907,36.92234397,0.58,0,56,29.98
16.67460696,0,0,46.40304907,36.92234397,0.58,0,90,31.35
16.67460696,0,0,46.40304907,36.92234397,0.58,0,180,32.72
18.21192053,0,0,45.69536424,36.09271523,0.483116883,0,1,6.27
18.21192053,0,0,45.69536424,36.09271523,0.483116883,0,3,14.7
18.21192053,0,0,45.69536424,36.09271523,0.483116883,0,7,23.22
18.21192053,0,0,45.69536424,36.09271523,0.483116883,0,14,27.92
18.21192053,0,0,45.69536424,36.09271523,0.483116883,0,28,31.35
15.51077788,0,0,45.8294283,38.65979381,0.580060423,0,180,39
15.51077788,0,0,45.8294283,38.65979381,0.580060423,0,360,41.24
15.84922797,0,0,47.54768392,36.6030881,0.550143266,0,3,14.99
15.51077788,0,0,45.8294283,38.65979381,0.580060423,0,3,13.52
17.6199262,0,0,48.29335793,34.08671587,0.486910995,0,7,24
17.6199262,0,0,48.29335793,34.08671587,0.486910995,0,28,37.42
16.77646025,0,0,48.79227053,34.43126921,0.486910995,0,7,11.47
13.01528485,0,0,51.13478462,35.84993052,0.661921708,0,28,22.44
15.67992599,0,0,49.44495837,34.87511563,0.545722714,0,7,21.16
15.67992599,0,0,49.44495837,34.87511563,0.545722714,0,28,31.84
13.83028598,0,0,50.11720581,36.0525082,0.627118644,0,7,14.8
13.83028598,0,0,50.11720581,36.0525082,0.627118644,0,28,25.18
11.0955711,0,0,52.12121212,36.78321678,0.777310924,0,28,17.54
13.79310345,0,0,50.55917987,35.64771668,0.648648649,0,7,14.2
13.79310345,0,0,50.55917987,35.64771668,0.648648649,0,28,21.65
13.79310345,0,0,50.55917987,35.64771668,0.648648649,0,90,29.39
16.26535627,0,0,43.19410319,40.54054054,0.580060423,0,3,13.52
15.51077788,0,0,45.8294283,38.65979381,0.580060423,0,7,16.26
15.51077788,0,0,45.8294283,38.65979381,0.580060423,0,28,31.45
15.51077788,0,0,45.8294283,38.65979381,0.580060423,0,90,37.23
15.84922797,0,0,47.54768392,36.6030881,0.550143266,0,7,18.13
15.84922797,0,0,47.54768392,36.6030881,0.550143266,0,28,32.72
15.84922797,0,0,47.54768392,36.6030881,0.550143266,0,90,39.49
15.84922797,0,0,47.54768392,36.6030881,0.550143266,0,180,41.05
15.84922797,0,0,47.54768392,36.6030881,0.550143266,0,360,42.13
14.42904921,0,0,46.53607262,39.03487817,0.67218543,0,14,18.13
14.42904921,0,0,46.53607262,39.03487817,0.67218543,0,180,26.74
23.19929297,0,0,49.71277066,27.08793637,0.36,0,180,61.92
22.34137623,0,0,50.26809651,27.39052726,0.4,0,90,47.22
22.34137623,0,0,50.26809651,27.39052726,0.4,0,180,51.04
22.34137623,0,0,50.26809651,27.39052726,0.4,0,270,55.16
23.70500439,0,0,49.38542581,26.9095698,0.32037037,0,3,41.64
11.73730787,0,0,51.7466232,36.51606893,0.734126984,0,7,13.71
11.73730787,0,0,51.7466232,36.51606893,0.734126984,0,28,19.69
15.74547144,0,0,49.2336275,35.02090107,0.545722714,0,28,31.65
18.79483501,0,0,44.95456719,36.2505978,0.488549618,0,3,19.11
18.79483501,0,0,44.95456719,36.2505978,0.488549618,0,28,39.58
18.79483501,0,0,44.95456719,36.2505978,0.488549618,0,90,48.79
17.6199262,0,0,48.29335793,34.08671587,0.484293194,0,7,24
17.6199262,0,0,48.29335793,34.08671587,0.484293194,0,28,37.42
11.73730787,0,0,51.7466232,36.51606893,0.738095238,0,7,11.47
11.73730787,0,0,51.7466232,36.51606893,0.734126984,0,28,19.69
14.55399061,0,0,45.5399061,39.90610329,0.619354839,0,7,14.99
14.55399061,0,0,45.5399061,39.90610329,0.619354839,0,28,27.92
14.55399061,0,0,45.5399061,39.90610329,0.619354839,0,90,34.68
14.55399061,0,0,45.5399061,39.90610329,0.619354839,0,180,37.33
14.55399061,0,0,45.5399061,39.90610329,0.619354839,0,360,38.11
23.19929297,0,0,49.71277066,27.08793637,0.36,0,3,33.8
23.19929297,0,0,49.71277066,27.08793637,0.36,0,7,42.42
23.19929297,0,0,49.71277066,27.08793637,0.36,0,14,48.4
23.19929297,0,0,49.71277066,27.08793637,0.36,0,28,55.94
23.19929297,0,0,49.71277066,27.08793637,0.36,0,90,58.78
23.19929297,0,0,49.71277066,27.08793637,0.36,0,270,67.11
15.36259542,0,0,46.46946565,38.16793893,0.630434783,0,14,20.77
15.36259542,0,0,46.46946565,38.16793893,0.630434783,0,28,25.18
15.36259542,0,0,46.46946565,38.16793893,0.630434783,0,180,29.59
14.42904921,0,0,46.53607262,39.03487817,0.67218543,0,28,21.75
18.28650392,0,0,47.90419162,33.80930447,0.465994962,0,28,39.09
22.46139448,0,0,43.79971923,33.73888629,0.4,0,3,24.39
22.55834054,0,0,38.72082973,38.72082973,0.279693487,0,7,50.51
22.55834054,0,0,38.72082973,38.72082973,0.279693487,0,28,74.99
13.35616438,5.136986301,4.011741683,44.22700587,33.26810176,0.456521739,0.019565217,28,37.17
7.792207792,9.139009139,7.118807119,40.30784031,35.64213564,0.358,0.038,28,33.76
7.73480663,7.232546459,5.625313913,46.35861376,33.04871924,0.536585366,0.024390244,28,16.5
7.205882353,5.637254902,4.362745098,42.15686275,40.6372549,0.575498575,0.025641026,28,19.99
7.210626186,8.44402277,6.593927894,44.78178368,32.96963947,0.358208955,0.038379531,28,36.35
14.56082668,6.716768436,5.213715359,42.9309535,30.57773603,0.29787234,0.039007092,28,33.69
6.837606838,0,8.309591643,44.77682811,40.07597341,0.495297806,0.056426332,28,15.42
14.7501213,6.79281902,0,43.42552159,35.03153809,0.481981982,0.013513514,28,33.42
17.66650921,0,0,47.85073217,34.48275862,0.50802139,0.018716578,28,39.05
7.582260372,7.10538865,5.531711969,45.44587506,34.33476395,0.412735849,0.035377358,28,27.68
7.362848893,11.5014437,0,48.21944177,32.91626564,0.510204082,0.015306122,28,26.86
14.27913404,6.586826347,0,42.10041456,37.03362506,0.370860927,0.022075055,28,45.3
14.74142098,0,4.833252779,46.35089415,34.07443209,0.483950617,0.024691358,28,30.12
7.197330791,0,8.770257388,47.23546235,36.79694948,0.498507463,0.035820896,28,15.57
6.739439962,7.925961082,6.169909824,41.90792596,37.25676317,0.396355353,0.025056948,28,44.61
14.36144578,6.602409639,5.156626506,42.31325301,31.56626506,0.370848708,0.011070111,28,53.52
15.07750117,7.703147017,0,40.86425552,36.35509629,0.391752577,0.010309278,28,57.21
17.15089035,8.762886598,0,38.61293346,35.4732896,0.345388788,0.012658228,28,65.91
13.09022908,6.03085554,4.675081814,38.56942496,37.6344086,0.337917485,0.017681729,28,52.82
12.10956271,4.661220567,3.652090341,40.12493993,39.45218645,0.456470588,0.018823529,28,33.4
7.982583454,0,7.256894049,49.49201742,35.26850508,0.577777778,0.038095238,28,18.03
7.36196319,11.46767343,0,48.23029731,32.94006607,0.45112782,0.027568922,28,37.36
7.870142646,9.247417609,7.181505165,40.77717659,34.92375799,0.410931174,0.022267206,28,32.84
14.19723678,0,5.097665555,41.87708433,38.82801334,0.459259259,0.014814815,28,42.64
15.57296768,0,6.170421156,42.16454456,36.0920666,0.472972973,0.013513514,28,40.06
13.65366318,5.756422455,4.471931494,43.00666032,33.11132255,0.374501992,0.017928287,28,41.94
15.06469501,7.670979667,0,40.75785582,36.5064695,0.353658537,0.018292683,28,61.23
17.14010592,0,6.836783823,38.56523832,37.45787193,0.387550201,0.022088353,28,40.87
6.276747504,9.843081312,7.65572991,41.22681883,34.99762244,0.358,0.01,28,33.3
15.11027687,6.992022525,0,44.62693571,33.2707649,0.394904459,0.016985138,28,52.42
7.965031569,0,9.713453133,41.23360855,41.08790675,0.497252747,0.035714286,28,15.09
14.70725995,0,5.292740047,43.32552693,36.67447307,0.398126464,0.023419204,28,38.46
15.29299667,0,6.098141972,41.44830872,37.16055264,0.405345212,0.024498886,28,37.26
7.153806847,8.380173735,6.540623403,44.40470107,33.52069494,0.548611111,0.013888889,28,35.23
13.42031687,5.638397018,0,42.31127679,38.63000932,0.432762836,0.017114914,28,42.13
14.68703795,0,5.27353376,43.37111878,36.66830951,0.518518519,0.027160494,28,31.87
12.70983213,5.323741007,4.12470024,39.95203837,37.88968825,0.422077922,0.012987013,28,41.54
7.452258966,11.64415463,0,48.85887285,32.04471355,0.409756098,0.029268293,28,39.45
7.859848485,12.31060606,0,40.67234848,39.15719697,0.429577465,0.030516432,28,37.91
13.01886792,5.471698113,4.245283019,41.03773585,36.22641509,0.373443983,0.018672199,28,44.28
15.56307395,0,5.606573224,39.53600773,39.29434509,0.447488584,0.02283105,28,31.18
7.201546641,6.718221363,5.268245529,43.11261479,37.69937168,0.486146096,0.01511335,28,23.69
7.482352941,8.8,0,46.58823529,37.12941176,0.50867052,0.031791908,28,32.76
12.64534884,4.84496124,3.779069767,41.86046512,36.87015504,0.45785877,0.020501139,28,32.4
12.16632444,4.722792608,3.64476386,43.78850103,35.67761807,0.6175,0.015,28,28.63
14.78507322,0,5.337742088,47.33112896,32.54605574,0.417840376,0.018779343,28,36.8
7.444764649,8.78962536,0,50.28818444,33.47742555,0.571005917,0.026627219,28,18.28
7.036144578,11.08433735,0,39.85542169,42.02409639,0.537234043,0.007978723,28,33.06
14.8,0,5.35,40.95,38.9,0.548387097,0.027295285,28,31.42
6.3727839,10.06229037,0,45.47196933,38.0929564,0.571428571,0.008746356,28,31.03
14.56491391,6.747324337,0,40.34434621,38.34341554,0.388646288,0.017467249,28,44.39
7.335907336,0,5.405405405,47.87644788,39.38223938,0.696969697,0.03030303,28,12.18
7.278782112,6.898192198,5.37583254,47.66888677,32.77830637,0.433090024,0.01946472,28,25.56
6.84596577,6.503667482,5.036674817,44.79217604,36.82151589,0.531914894,0.018617021,28,36.44
7.011764706,11.10588235,0,39.85882353,42.02352941,0.457142857,0.033766234,28,32.96
14.80750247,0,5.923000987,43.33662389,35.93287266,0.504761905,0.023809524,28,23.84
7.278782112,6.898192198,5.37583254,41.24643197,39.20076118,0.433090024,0.01946472,28,26.23
6.991025035,0,6.471421823,47.33112896,39.20642419,0.554385965,0.056140351,28,17.95
15.8483228,0,6.708799222,38.94020418,38.5026738,0.42887931,0.023706897,28,40.68
7.216981132,6.839622642,0,47.16981132,38.77358491,0.597315436,0.026845638,28,19.01
12.55390513,5.318639195,4.120747484,42.88452324,35.12218495,0.424836601,0.010893246,28,33.72
8.044806517,0,9.928716904,45.72301426,36.30346232,0.623229462,0.031161473,28,8.54
7.231800766,0,8.860153257,51.43678161,32.47126437,0.49702381,0.047619048,28,13.46
13.27821012,0,4.377431907,45.28210117,37.06225681,0.548209366,0.03030303,28,32.24
7.122370937,5.640535373,4.397705545,45.55449331,37.28489484,0.509749304,0.019498607,28,23.52
6.924939467,8.18401937,6.924939467,46.82808717,31.13801453,0.41978022,0.017582418,28,29.72
12.16089804,4.72404116,3.648269411,43.77923293,35.68755847,0.38952164,0.022779043,28,49.77
14.55813953,7.488372093,0,42.65116279,35.30232558,0.375527426,0.021097046,28,52.44
13.099631,5.535055351,0,44.74169742,36.62361624,0.415841584,0.017326733,28,40.93
15.70827489,0,0,46.09630669,38.19541842,0.541666667,0.008928571,28,44.86
7.004830918,0,6.473429952,47.29468599,39.22705314,0.64874552,0.039426523,28,13.2
7.03894885,11.12153918,0,50.16424214,31.67526983,0.449612403,0.031007752,28,37.43
6.969990319,8.228460794,6.437560503,39.39980639,38.96418199,0.429530201,0.017897092,28,29.87
15.65752129,8.041627247,0,38.36329234,37.93755913,0.389221557,0.015968064,28,56.61
7.590597453,0,7.002938296,51.27326151,34.13320274,0.647651007,0.030201342,28,12.46
7.44119059,8.785405665,0,42.10273644,41.67066731,0.571005917,0.026627219,28,23.79
6.531204644,0,8.030962748,46.49250121,38.9453314,0.598006645,0.033222591,28,13.29
12.54716981,5.283018868,4.103773585,42.9245283,35.14150943,0.382795699,0.021505376,28,39.42
14.73486626,6.804317222,5.302674801,40.77897701,32.37916471,0.312937063,0.013986014,28,46.23
13.72807018,6.359649123,0,43.85964912,36.05263158,0.277292576,0.017467249,28,44.52
6.880301602,8.152686145,0,46.46559849,38.50141376,0.570532915,0.009404389,28,23.74
6.853879105,6.473108044,5.045216564,44.7881961,36.83960019,0.461139896,0.018134715,28,26.14
7.208962494,0,8.865075499,40.86702387,43.05893814,0.548484848,0.045454545,28,15.52
13.20934669,5.579399142,4.339532666,45.11206485,31.75965665,0.393814433,0.01443299,28,43.57
13.91223156,0,4.995331466,44.49112979,36.60130719,0.404938272,0.032098765,28,35.86
14.56491391,6.747324337,0,46.62633783,32.06142392,0.388646288,0.017467249,28,41.05
7.520621058,8.927704998,6.938379427,42.69771955,33.91557496,0.402489627,0.018672199,28,28.99
13.71618415,6.359753204,0,43.8538206,36.07024205,0.460992908,0.014184397,28,46.24
6.880520688,8.135750814,0,46.49000465,38.49372385,0.529411765,0.00619195,28,26.92
7.188894398,0,8.874566187,40.85275161,43.0837878,0.62345679,0.024691358,28,10.54
14.66042155,0,0,46.83840749,38.50117096,0.568690096,0.025559105,28,25.1
6.442444339,7.67408811,5.968735197,43.72335386,36.19137849,0.405660377,0.023584906,28,29.07
7.586882036,0,6.999510524,42.92706804,42.4865394,0.647651007,0.030201342,28,9.74
12.14864221,4.716531682,3.66841353,43.78275369,35.68365889,0.438515081,0.013921114,28,33.8
8.095952024,10.34482759,8.595702149,41.07946027,31.88405797,0.399260628,0.018484288,28,39.84
6.601941748,9.514563107,4.757281553,41.11650485,38.00970874,0.462790698,0.013953488,28,26.97
7.972775887,7.9241614,6.222654351,46.71852212,31.16188624,0.432967033,0.017582418,28,27.23
7.941176471,10.49019608,8.039215686,40.19607843,33.33333333,0.374074074,0.018518519,28,30.65
7.673509286,10.45943304,7.42913001,40.02932551,34.40860215,0.382409178,0.017208413,28,33.05
7.254138267,7.448880234,9.444985394,45.52093476,30.33106134,0.387096774,0.016129032,28,24.58
6.614404704,5.144536992,9.456148947,47.28074473,31.50416463,0.452655889,0.013856813,28,21.91
7.771260997,10.21505376,7.869012708,41.44672532,32.69794721,0.379962193,0.013232514,28,30.88
6.909788868,0.719769674,9.357005758,48.99232246,34.02111324,0.497175141,0.016949153,28,15.34
7.817258883,8.83248731,9.390862944,42.89340102,31.06598985,0.444444444,0.013645224,28,24.34
8.017282765,8.97743639,9.36149784,43.11089774,30.53288526,0.336976321,0.012750455,28,23.89
9.172482552,4.287138584,9.471585244,46.01196411,31.05682951,0.463043478,0.013043478,28,22.93
7.843137255,8.949220714,9.401709402,42.93614882,30.86978381,0.424184261,0.013435701,28,29.41
12.15869431,4.706425785,3.669677684,43.77437898,35.69082324,0.617095726,0.014996251,28,28.63
14.79994331,0,5.337994237,47.32864094,32.53342151,0.418719212,0.018766127,28,36.8
7.434087307,8.807568554,0,50.30014887,33.45819526,0.571555293,0.026907156,28,18.29
7.030647648,11.10736315,0,39.85158057,42.01040864,0.537991498,0.009032944,28,32.72
14.79778033,0,5.33419987,40.95385692,38.91416288,0.549788925,0.026074,28,31.42
6.374521073,10.06704981,0,45.46934866,38.08908046,0.570055345,0.009030003,28,28.94
14.57548267,6.745754827,0,40.34426611,38.33449639,0.389482871,0.017455815,28,40.93
7.318721638,0,5.402143478,47.89031573,39.38881916,0.699810247,0.029981025,28,12.18
7.28457915,6.899176857,5.376599895,47.67093305,32.76871104,0.434200924,0.019459985,28,25.56
6.840406806,6.483473499,5.050850773,44.78779581,36.83747311,0.532996275,0.019691325,28,36.44
7.035294118,11.10588235,0,39.84941176,42.00941176,0.456031128,0.032684825,28,32.96
14.80201442,0,5.914881011,43.35933643,35.92376814,0.504051478,0.023593899,28,23.84
7.282500119,6.89720782,5.375065405,41.25005946,39.1951672,0.434200924,0.019459985,28,26.23
6.997070774,0,6.453746575,47.33062459,39.21855806,0.555321391,0.056550755,28,17.96
15.8649174,0,6.700680272,38.92614189,38.50826045,0.428509905,0.023255814,28,38.63
7.205209267,6.827726136,0,47.17123579,38.79582881,0.598856759,0.026899798,28,19.01
12.55332407,5.296457844,4.126923261,42.9084983,35.11479653,0.426172301,0.010905125,28,33.72
8.065583787,0,9.924130557,45.7100667,36.30021895,0.621851118,0.031135013,28,8.54
7.215705051,0,8.872396457,51.44840795,32.46349054,0.496130952,0.046428571,28,13.46
13.26068979,0,4.358612638,45.30330301,37.07739456,0.548591938,0.029265599,28,32.25
7.122370937,5.621414914,4.383365201,45.57361377,37.29923518,0.51046609,0.019815797,28,23.52
6.921587609,8.199419167,6.907066796,46.82478219,31.14714424,0.419028785,0.018457482,28,29.73
12.15906433,4.706432749,3.667836257,43.7754386,35.69122807,0.38869902,0.023695603,28,49.77
14.55687369,7.466852756,0,42.64247499,35.33379856,0.375158428,0.020278834,28,52.45
13.09781857,5.520453812,0,44.75395471,36.62777291,0.416893733,0.017835026,28,40.93
15.73091487,0,0,46.08480202,38.18428311,0.540564636,0.010104012,28,44.87
6.997197255,0,6.455977578,47.33256016,39.214265,0.649425287,0.03987069,28,13.2
7.039279178,11.1126754,0,50.18067483,31.66737059,0.449327818,0.030765253,28,37.43
6.955806186,8.238540104,6.418510092,39.40655404,38.98058957,0.429115342,0.019036954,28,29.87
15.63830794,8.024983439,0,38.37418378,37.96252484,0.389722056,0.016196761,28,56.62
7.58191703,0,6.994171524,51.30038693,34.12352451,0.64952957,0.030577957,28,12.46
7.431232298,8.804186069,0,42.11031636,41.65426528,0.571555293,0.026907156,28,23.79
6.518898514,0,8.019164691,46.50825146,38.95368533,0.599866844,0.033288948,28,13.29
12.5554193,5.296670125,4.126969154,42.90632959,35.11461183,0.381759657,0.022317597,28,39.42
14.72933671,6.815836382,5.31006661,40.76836476,32.37639553,0.312489083,0.013973799,28,46.23
13.71912429,6.348440311,0,43.859957,36.07247839,0.278312199,0.017490162,28,44.52
6.869725117,8.138054599,0,46.48026781,38.51195247,0.571473453,0.010681747,28,23.74
6.840778269,6.483992198,5.052090766,44.78854479,36.83459398,0.461040642,0.019414962,28,26.15
7.212428168,0,8.868218564,40.85419305,43.06516022,0.549364022,0.045427014,28,15.53
13.20997663,5.570127331,4.339739616,45.13806095,31.74209547,0.393151815,0.014438944,28,43.58
13.91170431,0,5.016800448,44.4838529,36.58764234,0.403353057,0.031558185,28,35.87
14.57955233,6.747638327,0,46.62385406,32.04895528,0.389482871,0.017455815,28,41.05
7.532517958,8.925451369,6.950106775,42.69073966,33.90118424,0.401824591,0.019075264,28,28.99
13.71683516,6.345816128,0,43.86064835,36.07670037,0.461083511,0.013011592,28,46.25
6.869945152,8.138886307,0,46.48136097,38.50980757,0.530195107,0.006813255,28,26.92
7.20872583,0,8.869608329,40.85275161,43.06891423,0.62195498,0.024051804,28,10.54
14.64911459,0,0,46.83313033,38.51775508,0.569555484,0.025583626,28,25.1
6.462004927,7.655865075,5.959825659,43.70854652,36.21375782,0.404907975,0.024539877,28,29.07
7.578947368,0,6.991432069,42.94736842,42.48225214,0.64952957,0.030577957,28,9.74
12.16061732,4.706106507,3.667714585,43.77441174,35.69114985,0.437485502,0.015077708,28,33.8
13.35029852,5.14338847,4.003132035,44.23999217,33.2631888,0.456167065,0.019577986,28,37.17
7.789585036,9.140741453,7.121219407,40.2990816,35.64937251,0.357457017,0.037584966,28,33.76
7.713941342,7.241864202,5.639815187,46.36400161,33.04037766,0.536698366,0.024628139,28,16.5
7.181724594,5.617922447,4.377665572,42.15892936,40.66375803,0.57619863,0.025114155,28,19.99
7.203872437,8.451974184,6.582194381,44.79878512,32.96317388,0.357447717,0.039052497,28,36.35
14.55612964,6.707374354,5.223109441,42.92625646,30.58713011,0.297570491,0.039191346,28,38.22
6.819584936,0,8.3060265,44.76896044,40.10542812,0.49733124,0.056200942,28,15.42
14.72714043,6.78632064,0,43.43924327,35.04729566,0.481397971,0.013979707,28,33.42
17.67316682,0,0,47.83984135,34.48699183,0.508148544,0.01790008,28,39.06
7.564989268,7.102313379,5.533031243,45.47102313,34.32864298,0.413459268,0.035419126,28,27.68
7.347135291,11.49253731,0,48.23302841,32.92729899,0.51111679,0.016100179,28,26.86
14.27847635,6.57731104,0,42.11229331,37.0319193,0.370803887,0.022084806,28,45.3
14.73175447,0,4.813919768,46.37022716,34.0840986,0.484668645,0.024233432,28,30.12
7.191878753,0,8.764655419,47.24049185,36.80297398,0.497610514,0.034647551,28,15.57
6.737571815,7.910355634,6.158302075,41.90684203,37.28692845,0.395937928,0.024874487,28,44.61
14.34765851,6.610136828,5.15031798,42.32029293,31.57159376,0.371470751,0.011072154,28,53.52
15.08804884,7.710730218,0,40.85466072,36.34656023,0.392378991,0.009474768,28,57.22
17.1492831,8.762065411,0,38.62337176,35.46527973,0.345931284,0.011934901,28,65.91
13.0802674,6.025898742,4.693562713,38.57229676,37.62797438,0.33863681,0.018660381,28,52.83
12.11029447,4.664456934,3.631647211,40.13546621,39.45813518,0.456214689,0.019538606,28,33.4
7.9624613,0,7.275541796,49.50174149,35.26025542,0.576507937,0.037142857,28,18.03
7.343779498,11.49235416,0,48.23484992,32.92901642,0.451766475,0.026810323,28,37.36
7.879980325,9.247417609,7.201180521,40.76242007,34.90900148,0.41083704,0.022846745,28,35.31
14.19997142,0,5.096937074,41.87109989,38.83199162,0.4601333,0.01505801,28,42.64
15.57188342,0,6.196424198,42.15037962,36.08131276,0.471872187,0.012826283,28,40.06
13.6679353,5.732635585,4.46717412,43.02568982,33.10656518,0.373928643,0.018337652,28,43.8
15.04899242,7.690885561,0,40.74690331,36.51321871,0.353658537,0.018089431,28,61.24
17.13281664,0,6.816540702,38.57892457,37.4717181,0.388542714,0.022110553,28,40.87
6.280032352,9.82444455,7.654978829,41.24363671,34.99690756,0.358229876,0.011013216,28,33.31
15.1294802,6.971289172,0,44.61437418,33.28485645,0.394396094,0.018042878,28,52.43
7.972421829,0,9.715478734,41.23616236,41.07593708,0.497392259,0.034586879,28,15.09
14.70064649,0,5.274992973,43.3476998,36.67666073,0.398452158,0.023686679,28,38.46
15.3113239,0,6.093087514,41.45109809,37.1444905,0.406187403,0.025595371,28,37.27
7.143952953,8.38148811,6.530299156,44.41830734,33.52595244,0.548805936,0.013447716,28,35.23
13.4339482,5.636295882,0,42.2908515,38.63890442,0.433317049,0.017098192,28,42.14
14.69689502,0,5.27353376,43.35140463,36.67816658,0.517522211,0.02739388,28,31.88
12.68585132,5.323741007,4.148681055,39.93285372,37.9088729,0.423160173,0.012770563,28,41.54
7.441903786,11.64252783,0,48.86601779,32.0495506,0.410932162,0.02977062,28,39.46
7.862454412,12.30047838,0,40.67636054,39.16070667,0.430350012,0.029833216,28,37.92
13.03097449,5.468860497,4.257225025,41.02116826,36.22177172,0.372073752,0.018437953,28,44.28
15.57198782,0,5.58697018,39.52926393,39.31177807,0.447693011,0.023755139,28,31.18
7.177727295,6.737880033,5.249166224,43.13403258,37.70119387,0.486002522,0.015384615,28,23.7
7.489525961,8.78877748,0,46.58475733,37.13693923,0.507807981,0.032677848,28,32.77
12.63010118,4.865178874,3.790482645,41.85022026,36.86401704,0.45622015,0.01955879,28,32.4